token@token lego-rl % scripts/run_on_hub.sh robot/sysid_collision.py
Searching for any hub with Pybricks service...
battery mV: 7514
gains: 10.71 0.8700001 0.43 0.3 tau: 30 slew: 150 trig: rate> 80 or stall< 0.5
targets deg/s: (300, 450, 600, 750) x 3 reps, ascending
S,seg,v_target,battery_mV,hit,fell,v_at_trig,peak_rate,peak_pitch_x10,recov_sigma_x100,trig_eff
D,i,pitch_x100,rate_x10,yaw_x10,wl,wr,duty_x10,vref
S, 0 , 300 , 7512 , 1 , 0 , 854 , 605 , 296 , 1349 , 362
D , 0 , -122 , 981 , 219 , 674 , 694 , 1000 , 300
D , 1 , -107 , 851 , 470 , 681 , 715 , 1000 , 300
D , 2 , -117 , 684 , 406 , 677 , 716 , 1000 , 300
D , 3 , -136 , 524 , -125 , 684 , 709 , 1000 , 300
D , 4 , -161 , 369 , -555 , 687 , 666 , 1000 , 300
D , 5 , -199 , 219 , -296 , 676 , 659 , 1000 , 300
D , 6 , -235 , 79 , 153 , 678 , 691 , 970 , 300
D , 7 , -276 , -59 , 453 , 682 , 693 , 814 , 300
D , 8 , -322 , -189 , 418 , 679 , 697 , 653 , 300
D , 9 , -371 , -307 , 145 , 685 , 708 , 524 , 300
D , 10 , -422 , -414 , -211 , 687 , 669 , 320 , 300
D , 11 , -472 , -504 , -279 , 702 , 670 , 212 , 300
D , 12 , -523 , -581 , 45 , 707 , 768 , 246 , 300
D , 13 , -569 , -619 , 230 , 721 , 760 , 172 , 300
D , 14 , -614 , -619 , 272 , 745 , 737 , 126 , 300
D , 15 , -631 , -554 , 40 , 760 , 757 , 216 , 300
D , 16 , -622 , -411 , -92 , 773 , 776 , 399 , 300
D , 17 , -581 , -201 , -51 , 786 , 797 , 676 , 300
D , 18 , -515 , 40 , 23 , 802 , 850 , 1000 , 300
D , 19 , -436 , 270 , 47 , 799 , 818 , 1000 , 300
D , 20 , -353 , 475 , 70 , 790 , 781 , 1000 , 300
D , 21 , -274 , 627 , -82 , 775 , 752 , 1000 , 300
D , 22 , -205 , 645 , -181 , 773 , 743 , 1000 , 300
D , 23 , -194 , 539 , -109 , 766 , 730 , 1000 , 300
D , 24 , -224 , 334 , -78 , 754 , 765 , 1000 , 300
D , 25 , -281 , 108 , 65 , 760 , 767 , 1000 , 300
D , 26 , -348 , -112 , 320 , 757 , 729 , 857 , 300
D , 27 , -417 , -299 , 379 , 748 , 725 , 601 , 300
D , 28 , -482 , -440 , 155 , 747 , 723 , 404 , 300
D , 29 , -539 , -532 , -268 , 744 , 713 , 244 , 300
D , 30 , -585 , -573 , -286 , 735 , 757 , 212 , 300
D , 31 , -624 , -564 , -92 , 717 , 765 , 163 , 300
D , 32 , -636 , -496 , 123 , 712 , 699 , 102 , 300
D , 33 , -630 , -381 , 118 , 708 , 684 , 180 , 300
D , 34 , -604 , -231 , -106 , 690 , 716 , 360 , 300
D , 35 , -559 , -49 , -263 , 678 , 712 , 542 , 300
D , 36 , -500 , 144 , -140 , 670 , 704 , 750 , 300
D , 37 , -433 , 327 , 118 , 665 , 686 , 947 , 300
D , 38 , -362 , 491 , 124 , 663 , 651 , 1000 , 300
D , 39 , -275 , 618 , 9 , 666 , 644 , 1000 , 300
D , 40 , -218 , 671 , -106 , 669 , 676 , 1000 , 300
D , 41 , -186 , 635 , -176 , 678 , 687 , 1000 , 300
D , 42 , -188 , 502 , -114 , 683 , 690 , 1000 , 300
D , 43 , -221 , 300 , 124 , 685 , 703 , 1000 , 300
D , 44 , -275 , 78 , 70 , 697 , 710 , 983 , 300
D , 45 , -338 , -115 , -48 , 705 , 718 , 771 , 300
D , 46 , -403 , -290 , -119 , 714 , 724 , 571 , 300
D , 47 , -464 , -415 , -110 , 714 , 725 , 400 , 300
D , 48 , -530 , -501 , 15 , 710 , 734 , 261 , 300
D , 49 , -573 , -540 , 59 , 710 , 732 , 178 , 300
D , 50 , -605 , -545 , 43 , 717 , 740 , 161 , 300
D , 51 , -622 , -500 , -74 , 715 , 744 , 186 , 300
D , 52 , -620 , -401 , -124 , 719 , 749 , 287 , 300
D , 53 , -596 , -249 , 49 , 720 , 746 , 442 , 300
D , 54 , -554 , -64 , 141 , 714 , 740 , 631 , 300
D , 55 , -494 , 127 , 72 , 716 , 727 , 845 , 300
D , 56 , -427 , 312 , 8 , 708 , 735 , 1000 , 300
D , 57 , -340 , 472 , -87 , 707 , 741 , 1000 , 300
D , 58 , -275 , 579 , -134 , 715 , 749 , 1000 , 300
D , 59 , -229 , 602 , -79 , 725 , 749 , 1000 , 300
D , 60 , -214 , 527 , 7 , 737 , 745 , 1000 , 300
D , 61 , -233 , 362 , -4 , 750 , 750 , 1000 , 300
D , 62 , -277 , 155 , 86 , 760 , 754 , 1000 , 300
D , 63 , -333 , -35 , 37 , 775 , 762 , 1000 , 300
D , 64 , -381 , -92 , -716 , 772 , 768 , 920 , 300
D , 65 , -324 , 43 , -1257 , 782 , 744 , 1000 , 300
D , 66 , -296 , 97 , -683 , 731 , 726 , 1000 , 300
D , 67 , -294 , 72 , -431 , 740 , 714 , 1000 , 300
D , 68 , -283 , 107 , -532 , 753 , 720 , 1000 , 300
D , 69 , -260 , 177 , -541 , 818 , 739 , 1000 , 300
D , 70 , -230 , 248 , -520 , 823 , 722 , 1000 , 300
D , 71 , -183 , 446 , 166 , 814 , 690 , 1000 , 300
D , 72 , -71 , 677 , 441 , 776 , 684 , 1000 , 300
D , 73 , 14 , 831 , -709 , 776 , 694 , 1000 , 300
D , 74 , 116 , 926 , -1777 , 797 , 704 , 1000 , 300
D , 75 , 177 , 983 , -623 , 822 , 706 , 1000 , 300
D , 76 , 281 , 1191 , 434 , 848 , 716 , 1000 , 300
D , 77 , 381 , 1312 , 770 , 853 , 769 , 1000 , 300
D , 78 , 478 , 1372 , 711 , 856 , 776 , 1000 , 300
D , 79 , 568 , 1458 , 659 , 879 , 797 , 1000 , 300
D , 80 , 661 , 1537 , 589 , 907 , 785 , 1000 , 300
D , 81 , 759 , 1589 , 468 , 914 , 787 , 1000 , 300
D , 82 , 835 , 1516 , -401 , 912 , 802 , 1000 , 300
D , 83 , 852 , 1231 , -743 , 876 , 798 , 1000 , 300
D , 84 , 756 , 662 , -915 , 870 , 788 , 1000 , 300
D , 85 , 613 , 118 , -702 , 850 , 801 , 1000 , 300
D , 86 , 430 , -471 , 182 , 892 , 807 , 1000 , 300
D , 87 , 264 , -716 , 1247 , 885 , 813 , 1000 , 300
D , 88 , 266 , -529 , 1414 , 871 , 808 , 1000 , 300
D , 89 , 313 , -264 , 604 , 789 , 781 , 1000 , 300
D , 90 , 367 , -107 , 144 , 792 , 762 , 1000 , 300
D , 91 , 404 , -30 , 271 , 818 , 777 , 1000 , 300
D , 92 , 427 , 50 , 294 , 875 , 787 , 1000 , 300
D , 93 , 458 , 144 , 502 , 882 , 812 , 1000 , 300
D , 94 , 495 , 242 , 114 , 882 , 834 , 1000 , 300
D , 95 , 528 , 285 , -710 , 882 , 846 , 1000 , 300
D , 96 , 551 , 278 , -1428 , 868 , 828 , 1000 , 300
D , 97 , 521 , 70 , -1599 , 869 , 789 , 1000 , 300
D , 98 , 413 , -319 , -386 , 875 , 802 , 1000 , 300
D , 99 , 237 , -946 , 639 , 852 , 831 , 1000 , 300
T , 100 , -49 , -1480 , 656 , 827 , 882 , 1000 , 300
D , 101 , -288 , -2003 , 321 , 819 , 866 , 479 , 300
D , 102 , -559 , -2531 , -25 , 819 , 852 , -253 , 300
D , 103 , -849 , -3034 , -648 , 890 , 854 , -865 , 300
D , 104 , -1122 , -3378 , -1019 , 898 , 851 , -1000 , 300
D , 105 , -1344 , -3394 , -638 , 890 , 853 , -1000 , 300
D , 106 , -1440 , -3081 , 110 , 867 , 837 , -1000 , 300
D , 107 , -1459 , -2675 , -406 , 844 , 805 , -1000 , 300
D , 108 , -1481 , -2374 , -541 , 801 , 753 , -1000 , 300
D , 109 , -1511 , -2134 , 363 , 753 , 729 , -1000 , 300
D , 110 , -1570 , -2038 , 754 , 690 , 711 , -1000 , 300
D , 111 , -1653 , -2001 , 411 , 626 , 670 , -1000 , 300
D , 112 , -1747 , -1994 , -382 , 557 , 615 , -1000 , 300
D , 113 , -1826 , -1914 , -866 , 503 , 527 , -1000 , 300
D , 114 , -1872 , -1732 , -602 , 443 , 441 , -1000 , 300
D , 115 , -1885 , -1499 , -18 , 363 , 375 , -1000 , 300
D , 116 , -1880 , -1251 , 341 , 302 , 308 , -1000 , 300
D , 117 , -1863 , -1021 , 533 , 239 , 213 , -1000 , 300
D , 118 , -1847 , -841 , 345 , 160 , 132 , -1000 , 300
D , 119 , -1836 , -695 , 192 , 88 , 40 , -1000 , 300
D , 120 , -1834 , -591 , 144 , 14 , -44 , -1000 , 300
D , 121 , -1824 , -455 , 246 , -65 , -108 , -1000 , 300
D , 122 , -1790 , -267 , 363 , -152 , -183 , -1000 , 300
D , 123 , -1734 , -40 , 241 , -283 , -270 , -1000 , 300
D , 124 , -1663 , 183 , 33 , -370 , -346 , -1000 , 300
D , 125 , -1587 , 382 , -71 , -443 , -432 , -1000 , 300
D , 126 , -1491 , 551 , -153 , -508 , -499 , -1000 , 300
D , 127 , -1415 , 695 , -146 , -572 , -561 , -1000 , 300
D , 128 , -1340 , 811 , -130 , -621 , -623 , -1000 , 300
D , 129 , -1265 , 923 , 38 , -655 , -682 , -1000 , 300
D , 130 , -1183 , 1039 , 205 , -693 , -734 , -1000 , 300
D , 131 , -1097 , 1157 , 189 , -730 , -778 , -1000 , 300
D , 132 , -1004 , 1266 , -2 , -765 , -816 , -1000 , 300
D , 133 , -910 , 1364 , -179 , -806 , -847 , -1000 , 300
D , 134 , -811 , 1468 , -45 , -847 , -870 , -1000 , 300
D , 135 , -682 , 1563 , 196 , -872 , -895 , -1000 , 300
D , 136 , -576 , 1654 , 204 , -898 , -908 , -1000 , 300
D , 137 , -468 , 1734 , 156 , -921 , -899 , -1000 , 300
D , 138 , -360 , 1808 , -56 , -941 , -918 , -1000 , 300
D , 139 , -249 , 1879 , -116 , -960 , -948 , -1000 , 300
D , 140 , -135 , 1950 , -80 , -988 , -982 , -1000 , 300
D , 141 , -16 , 2025 , 47 , -1005 , -990 , -1000 , 300
D , 142 , 103 , 2092 , 82 , -1027 , -1016 , -1000 , 300
D , 143 , 258 , 2161 , 137 , -1035 , -1029 , -1000 , 300
D , 144 , 383 , 2227 , 62 , -1050 , -1053 , -1000 , 300
D , 145 , 515 , 2299 , -100 , -1068 , -1067 , -1000 , 300
D , 146 , 647 , 2361 , -188 , -1081 , -1078 , -1000 , 300
D , 147 , 784 , 2428 , -48 , -1100 , -1095 , -954 , 300
D , 148 , 921 , 2488 , 57 , -1116 , -1101 , -815 , 300
D , 149 , 1061 , 2546 , 104 , -1120 , -1118 , -673 , 300
D , 150 , 1205 , 2610 , -64 , -1142 , -1124 , -533 , 300
D , 151 , 1355 , 2693 , -55 , -1156 , -1134 , -362 , 300
D , 152 , 1549 , 2762 , 120 , -1173 , -1146 , -168 , 300
D , 153 , 1700 , 2806 , 131 , -1190 , -1160 , -40 , 300
D , 154 , 1846 , 2827 , 103 , -1197 , -1172 , 75 , 300
D , 155 , 1977 , 2792 , -8 , -1195 , -1177 , 159 , 300
D , 156 , 2089 , 2691 , -61 , -1187 , -1166 , 199 , 300
D , 157 , 2173 , 2520 , -35 , -1172 , -1156 , 160 , 300
D , 158 , 2226 , 2283 , -16 , -1150 , -1134 , 64 , 300
D , 159 , 2252 , 2002 , 103 , -1123 , -1104 , -80 , 300
D , 160 , 2245 , 1668 , 135 , -1083 , -1077 , -285 , 300
D , 161 , 2219 , 1342 , 38 , -1053 , -1053 , -526 , 300
D , 162 , 2187 , 1056 , 1 , -1007 , -1009 , -682 , 300
D , 163 , 2159 , 829 , 4 , -972 , -966 , -802 , 300
D , 164 , 2139 , 663 , 68 , -929 , -918 , -837 , 300
D , 165 , 2131 , 561 , 34 , -886 , -871 , -805 , 300
D , 166 , 2144 , 553 , -44 , -847 , -834 , -693 , 300
D , 167 , 2191 , 656 , -154 , -809 , -795 , -449 , 300
D , 168 , 2277 , 879 , -96 , -776 , -763 , -77 , 300
D , 169 , 2427 , 1136 , 49 , -752 , -734 , 370 , 300
D , 170 , 2561 , 1368 , 190 , -713 , -715 , 788 , 300
D , 171 , 2697 , 1567 , 134 , -681 , -692 , 1000 , 300
D , 172 , 2822 , 1696 , -65 , -646 , -656 , 1000 , 300
D , 173 , 2917 , 1679 , -151 , -589 , -609 , 1000 , 300
D , 174 , 2964 , 1518 , -124 , -533 , -553 , 1000 , 300
D , 175 , 2965 , 1260 , -33 , -483 , -497 , 1000 , 300
D , 176 , 2931 , 954 , 168 , -433 , -444 , 1000 , 300
D , 177 , 2876 , 630 , 174 , -388 , -404 , 1000 , 300
D , 178 , 2786 , 309 , 191 , -344 , -363 , 1000 , 300
D , 179 , 2702 , 9 , 246 , -302 , -323 , 937 , 300
D , 180 , 2616 , -243 , 286 , -262 , -287 , 745 , 300
D , 181 , 2534 , -446 , 233 , -211 , -240 , 638 , 300
D , 182 , 2457 , -597 , 93 , -170 , -204 , 549 , 300
D , 183 , 2389 , -702 , -70 , -131 , -164 , 514 , 300
D , 184 , 2329 , -772 , -134 , -94 , -125 , 514 , 300
D , 185 , 2275 , -816 , -68 , -57 , -93 , 529 , 300
D , 186 , 2207 , -866 , 57 , -16 , -47 , 552 , 300
D , 187 , 2145 , -933 , 66 , 31 , 4 , 585 , 300
D , 188 , 2076 , -1007 , -71 , 88 , 56 , 619 , 300
D , 189 , 2004 , -1079 , -147 , 147 , 115 , 670 , 300
D , 190 , 1930 , -1143 , -113 , 205 , 184 , 735 , 300
D , 191 , 1854 , -1200 , 44 , 265 , 249 , 803 , 300
D , 192 , 1781 , -1242 , 157 , 322 , 306 , 872 , 300
D , 193 , 1711 , -1268 , 159 , 363 , 352 , 918 , 300
D , 194 , 1643 , -1285 , -17 , 408 , 395 , 977 , 300
D , 195 , 1557 , -1310 , -127 , 444 , 426 , 979 , 300
D , 196 , 1485 , -1343 , -78 , 476 , 458 , 983 , 300
D , 197 , 1402 , -1405 , 63 , 502 , 490 , 944 , 300
D , 198 , 1308 , -1496 , 65 , 534 , 523 , 878 , 300
D , 199 , 1200 , -1610 , -60 , 562 , 552 , 767 , 300
D , 200 , 1084 , -1727 , -27 , 585 , 584 , 640 , 300
D , 201 , 966 , -1826 , 21 , 605 , 606 , 512 , 300
D , 202 , 853 , -1892 , -28 , 629 , 631 , 426 , 300
D , 203 , 746 , -1924 , 35 , 651 , 641 , 349 , 300
D , 204 , 626 , -1907 , -25 , 667 , 659 , 304 , 300
D , 205 , 544 , -1865 , -64 , 690 , 681 , 337 , 300
D , 206 , 473 , -1794 , -9 , 709 , 695 , 389 , 300
D , 207 , 415 , -1694 , 23 , 717 , 708 , 458 , 300
D , 208 , 370 , -1570 , -1 , 721 , 717 , 553 , 300
D , 209 , 337 , -1432 , -27 , 728 , 720 , 667 , 300
D , 210 , 312 , -1294 , 63 , 730 , 721 , 776 , 300
D , 211 , 293 , -1159 , 148 , 723 , 723 , 878 , 300
D , 212 , 273 , -1044 , 68 , 723 , 723 , 966 , 300
D , 213 , 249 , -981 , -87 , 726 , 726 , 1000 , 300
D , 214 , 205 , -999 , -141 , 724 , 722 , 962 , 300
D , 215 , 137 , -1077 , -106 , 719 , 722 , 828 , 300
D , 216 , 47 , -1206 , -40 , 722 , 723 , 641 , 300
D , 217 , -56 , -1353 , 61 , 733 , 733 , 451 , 300
D , 218 , -165 , -1478 , 106 , 727 , 737 , 241 , 300
D , 219 , -271 , -1574 , 77 , 735 , 739 , 79 , 300
D , 220 , -369 , -1623 , 65 , 727 , 735 , -71 , 300
D , 221 , -477 , -1620 , 38 , 712 , 732 , -196 , 300
D , 222 , -544 , -1565 , -53 , 703 , 727 , -222 , 300
D , 223 , -586 , -1428 , -139 , 678 , 715 , -195 , 300
D , 224 , -590 , -1192 , -103 , 663 , 696 , -37 , 300
D , 225 , -553 , -872 , 2 , 631 , 671 , 203 , 300
D , 226 , -484 , -519 , 68 , 603 , 644 , 506 , 300
D , 227 , -397 , -178 , 22 , 585 , 612 , 825 , 300
D , 228 , -306 , 113 , -36 , 560 , 583 , 1000 , 300
D , 229 , -218 , 336 , -64 , 543 , 557 , 1000 , 300
D , 230 , -128 , 465 , -67 , 519 , 532 , 1000 , 300
D , 231 , -93 , 451 , 11 , 524 , 523 , 1000 , 300
D , 232 , -106 , 295 , 72 , 519 , 523 , 1000 , 300
D , 233 , -162 , 45 , 58 , 514 , 518 , 1000 , 300
D , 234 , -248 , -227 , -19 , 510 , 518 , 740 , 300
D , 235 , -343 , -474 , -42 , 515 , 522 , 454 , 300
D , 236 , -435 , -673 , -70 , 516 , 523 , 203 , 300
D , 237 , -521 , -828 , -43 , 513 , 522 , -14 , 300
D , 238 , -601 , -932 , -29 , 478 , 511 , -241 , 300
D , 239 , -686 , -976 , -53 , 499 , 508 , -328 , 300
D , 240 , -733 , -944 , -106 , 493 , 494 , -371 , 300
D , 241 , -746 , -797 , -111 , 478 , 475 , -298 , 300
D , 242 , -713 , -535 , -86 , 450 , 451 , -108 , 300
D , 243 , -637 , -196 , 44 , 440 , 435 , 233 , 300
D , 244 , -532 , 160 , 201 , 416 , 417 , 595 , 300
D , 245 , -415 , 481 , 197 , 419 , 406 , 989 , 300
D , 246 , -301 , 734 , 84 , 407 , 394 , 1000 , 300
D , 247 , -172 , 905 , -33 , 398 , 387 , 1000 , 300
D , 248 , -94 , 970 , -123 , 394 , 398 , 1000 , 300
D , 249 , -57 , 889 , -48 , 402 , 409 , 1000 , 300
D , 250 , -69 , 676 , -11 , 398 , 429 , 1000 , 300
D , 251 , -120 , 397 , 3 , 394 , 439 , 1000 , 300
D , 252 , -193 , 111 , -84 , 397 , 437 , 964 , 300
D , 253 , -272 , -134 , -19 , 436 , 447 , 756 , 300
D , 254 , -350 , -341 , 120 , 405 , 453 , 471 , 300
D , 255 , -422 , -490 , 98 , 406 , 459 , 291 , 300
D , 256 , -504 , -606 , 28 , 402 , 460 , 115 , 300
D , 257 , -565 , -693 , -42 , 407 , 460 , 0 , 300
D , 258 , -618 , -742 , -68 , 442 , 462 , -32 , 300
D , 259 , -660 , -742 , -40 , 395 , 453 , -150 , 300
D , 260 , -685 , -688 , -52 , 389 , 461 , -114 , 300
D , 261 , -687 , -569 , 16 , 393 , 453 , -10 , 300
D , 262 , -663 , -390 , -4 , 404 , 451 , 188 , 300
D , 263 , -615 , -167 , -15 , 413 , 456 , 464 , 300
D , 264 , -530 , 68 , 17 , 427 , 462 , 792 , 300
D , 265 , -456 , 278 , 63 , 426 , 462 , 1000 , 300
D , 266 , -384 , 448 , 47 , 440 , 466 , 1000 , 300
D , 267 , -318 , 561 , -92 , 441 , 474 , 1000 , 300
D , 268 , -274 , 575 , -146 , 450 , 477 , 1000 , 300
D , 269 , -267 , 467 , -24 , 450 , 488 , 1000 , 300
D , 270 , -302 , 251 , 100 , 474 , 496 , 1000 , 300
D , 271 , -374 , -23 , 173 , 483 , 502 , 1000 , 300
D , 272 , -465 , -296 , -35 , 490 , 518 , 799 , 300
D , 273 , -580 , -522 , -104 , 465 , 522 , 464 , 300
D , 274 , -668 , -695 , 44 , 507 , 524 , 302 , 300
D , 275 , -672 , -381 , 35 , 505 , 500 , 540 , 300
D , 276 , -544 , 61 , -193 , 497 , 481 , 1000 , 300
D , 277 , -423 , 343 , -61 , 468 , 463 , 1000 , 300
D , 278 , -365 , 437 , 14 , 457 , 456 , 1000 , 300
D , 279 , -318 , 476 , 103 , 467 , 477 , 1000 , 300
D , 280 , -289 , 501 , 147 , 493 , 482 , 1000 , 300
D , 281 , -278 , 436 , -139 , 507 , 482 , 1000 , 300
D , 282 , -289 , 317 , -279 , 504 , 487 , 1000 , 300
D , 283 , -340 , 61 , 42 , 508 , 507 , 1000 , 300
D , 284 , -452 , -345 , 238 , 520 , 536 , 992 , 300
D , 285 , -579 , -617 , -276 , 536 , 564 , 705 , 300
D , 286 , -654 , -712 , -106 , 555 , 591 , 621 , 300
D , 287 , -709 , -778 , 310 , 574 , 614 , 581 , 300
D , 288 , -782 , -896 , 912 , 589 , 635 , 467 , 300
D , 289 , -863 , -999 , 756 , 590 , 641 , 308 , 300
D , 290 , -930 , -982 , 772 , 625 , 646 , 332 , 300
D , 291 , -956 , -891 , 360 , 624 , 635 , 382 , 300
D , 292 , -978 , -855 , -238 , 612 , 601 , 326 , 300
D , 293 , -1028 , -933 , -689 , 585 , 578 , 134 , 300
D , 294 , -1130 , -1153 , -783 , 539 , 564 , -253 , 300
D , 295 , -1278 , -1501 , -536 , 522 , 566 , -727 , 300
D , 296 , -1473 , -1875 , 338 , 512 , 573 , -1000 , 300
D , 297 , -1696 , -2284 , 1112 , 505 , 569 , -1000 , 300
D , 298 , -1908 , -2491 , 842 , 489 , 547 , -1000 , 300
D , 299 , -2110 , -2553 , -203 , 466 , 498 , -1000 , 300
S, 1 , 450 , 7435 , 1 , 0 , 865 , 583 , 370 , 1637 , 338
D , 0 , 321 , 224 , 2 , 663 , 696 , 1000 , 450
D , 1 , 258 , 53 , -104 , 660 , 686 , 992 , 450
D , 2 , 212 , -85 , -72 , 673 , 694 , 853 , 450
D , 3 , 171 , -187 , -89 , 681 , 689 , 725 , 450
D , 4 , 134 , -262 , -13 , 697 , 678 , 628 , 450
D , 5 , 102 , -315 , -31 , 700 , 675 , 547 , 450
D , 6 , 73 , -354 , -67 , 709 , 659 , 472 , 450
D , 7 , 42 , -398 , 8 , 709 , 659 , 401 , 450
D , 8 , 12 , -426 , 14 , 718 , 659 , 342 , 450
D , 9 , -14 , -442 , 65 , 718 , 659 , 314 , 450
D , 10 , -44 , -438 , -15 , 728 , 672 , 320 , 450
D , 11 , -60 , -417 , -74 , 739 , 690 , 364 , 450
D , 12 , -71 , -383 , 42 , 758 , 706 , 435 , 450
D , 13 , -73 , -320 , 220 , 767 , 731 , 539 , 450
D , 14 , -62 , -222 , 194 , 783 , 747 , 684 , 450
D , 15 , -36 , -104 , 5 , 790 , 767 , 855 , 450
D , 16 , -1 , 22 , -131 , 800 , 775 , 1000 , 450
D , 17 , 38 , 134 , -73 , 800 , 782 , 1000 , 450
D , 18 , 76 , 219 , 125 , 798 , 780 , 1000 , 450
D , 19 , 107 , 233 , 65 , 792 , 773 , 1000 , 450
D , 20 , 106 , 163 , -9 , 784 , 769 , 1000 , 450
D , 21 , 71 , 4 , -120 , 790 , 764 , 1000 , 450
D , 22 , 10 , -194 , -97 , 787 , 762 , 815 , 450
D , 23 , -66 , -398 , 73 , 772 , 764 , 535 , 450
D , 24 , -147 , -583 , 135 , 762 , 772 , 285 , 450
D , 25 , -225 , -720 , 173 , 761 , 781 , 94 , 450
D , 26 , -297 , -820 , 120 , 763 , 795 , -45 , 450
D , 27 , -357 , -858 , 33 , 763 , 809 , -121 , 450
D , 28 , -403 , -805 , 14 , 755 , 826 , -111 , 450
D , 29 , -405 , -658 , -37 , 758 , 819 , 8 , 450
D , 30 , -372 , -425 , -53 , 740 , 802 , 193 , 450
D , 31 , -306 , -140 , 93 , 727 , 781 , 460 , 450
D , 32 , -218 , 151 , 168 , 706 , 765 , 754 , 450
D , 33 , -117 , 431 , 91 , 691 , 744 , 1000 , 450
D , 34 , -14 , 673 , 19 , 678 , 738 , 1000 , 450
D , 35 , 85 , 863 , 48 , 658 , 708 , 1000 , 450
D , 36 , 171 , 963 , 60 , 645 , 689 , 1000 , 450
D , 37 , 227 , 919 , -63 , 643 , 684 , 1000 , 450
D , 38 , 240 , 756 , -102 , 647 , 682 , 1000 , 450
D , 39 , 210 , 527 , 69 , 655 , 688 , 1000 , 450
D , 40 , 160 , 296 , 223 , 657 , 688 , 1000 , 450
D , 41 , 108 , 96 , 229 , 655 , 692 , 870 , 450
D , 42 , 57 , -53 , -1 , 652 , 692 , 681 , 450
D , 43 , 12 , -174 , -208 , 660 , 693 , 541 , 450
D , 44 , -28 , -268 , -109 , 664 , 693 , 421 , 450
D , 45 , -68 , -336 , 101 , 650 , 679 , 277 , 450
D , 46 , -103 , -378 , 244 , 650 , 679 , 203 , 450
D , 47 , -138 , -395 , 158 , 645 , 668 , 127 , 450
D , 48 , -156 , -381 , 26 , 647 , 657 , 107 , 450
D , 49 , -161 , -321 , -86 , 639 , 665 , 153 , 450
D , 50 , -147 , -216 , -134 , 646 , 669 , 276 , 450
D , 51 , -113 , -60 , -96 , 651 , 673 , 461 , 450
D , 52 , -59 , 128 , -62 , 654 , 679 , 697 , 450
D , 53 , 10 , 322 , -37 , 663 , 678 , 952 , 450
D , 54 , 85 , 499 , -55 , 668 , 672 , 1000 , 450
D , 55 , 181 , 649 , 31 , 679 , 684 , 1000 , 450
D , 56 , 249 , 732 , 89 , 686 , 692 , 1000 , 450
D , 57 , 288 , 704 , 6 , 694 , 690 , 1000 , 450
D , 58 , 288 , 565 , -40 , 693 , 692 , 1000 , 450
D , 59 , 255 , 358 , -1 , 691 , 688 , 1000 , 450
D , 60 , 204 , 146 , -1 , 696 , 692 , 1000 , 450
D , 61 , 146 , -46 , -3 , 693 , 685 , 833 , 450
D , 62 , 91 , -194 , 92 , 700 , 686 , 657 , 450
D , 63 , 51 , -222 , -538 , 707 , 682 , 594 , 450
D , 64 , 99 , -24 , -832 , 702 , 660 , 778 , 450
D , 65 , 133 , 10 , -494 , 705 , 647 , 830 , 450
D , 66 , 132 , -3 , -753 , 723 , 640 , 808 , 450
D , 67 , 132 , 8 , -721 , 723 , 640 , 844 , 450
D , 68 , 134 , 11 , -469 , 726 , 630 , 838 , 450
D , 69 , 129 , 0 , -263 , 740 , 621 , 830 , 450
D , 70 , 150 , 116 , -117 , 749 , 612 , 953 , 450
D , 71 , 260 , 496 , 81 , 743 , 614 , 1000 , 450
D , 72 , 378 , 746 , 19 , 745 , 611 , 1000 , 450
D , 73 , 474 , 901 , -810 , 761 , 624 , 1000 , 450
D , 74 , 580 , 1062 , -754 , 785 , 641 , 1000 , 450
D , 75 , 699 , 1211 , -285 , 833 , 647 , 1000 , 450
D , 76 , 789 , 1310 , 74 , 857 , 664 , 1000 , 450
D , 77 , 886 , 1394 , 623 , 842 , 683 , 1000 , 450
D , 78 , 974 , 1440 , 849 , 845 , 694 , 1000 , 450
D , 79 , 1043 , 1419 , 910 , 850 , 715 , 1000 , 450
D , 80 , 1089 , 1323 , 278 , 862 , 716 , 1000 , 450
D , 81 , 1118 , 1188 , -650 , 893 , 707 , 1000 , 450
D , 82 , 1089 , 873 , -725 , 901 , 706 , 1000 , 450
D , 83 , 1022 , 489 , -228 , 857 , 716 , 1000 , 450
D , 84 , 897 , 90 , 394 , 857 , 716 , 1000 , 450
D , 85 , 757 , -367 , 814 , 855 , 756 , 1000 , 450
D , 86 , 665 , -413 , 257 , 853 , 778 , 1000 , 450
D , 87 , 660 , -369 , 103 , 843 , 730 , 1000 , 450
D , 88 , 661 , -337 , 409 , 841 , 731 , 1000 , 450
D , 89 , 653 , -297 , 1002 , 828 , 733 , 1000 , 450
D , 90 , 652 , -262 , 731 , 831 , 766 , 1000 , 450
D , 91 , 650 , -226 , 413 , 877 , 801 , 1000 , 450
D , 92 , 647 , -213 , -53 , 927 , 816 , 1000 , 450
D , 93 , 633 , -233 , -620 , 933 , 808 , 1000 , 450
D , 94 , 586 , -361 , -918 , 914 , 792 , 1000 , 450
D , 95 , 519 , -513 , -1433 , 875 , 816 , 1000 , 450
D , 96 , 460 , -620 , -1616 , 861 , 829 , 1000 , 450
D , 97 , 393 , -739 , -1182 , 880 , 835 , 1000 , 450
D , 98 , 299 , -987 , 381 , 895 , 842 , 717 , 450
D , 99 , 143 , -1363 , 1237 , 899 , 832 , 214 , 450
T , 100 , -77 , -1878 , 1013 , 891 , 839 , 877 , 450
D , 101 , -345 , -2443 , -246 , 873 , 846 , 101 , 450
D , 102 , -648 , -2913 , -430 , 891 , 838 , -598 , 450
D , 103 , -917 , -2968 , -334 , 868 , 838 , -954 , 450
D , 104 , -1031 , -2806 , -804 , 895 , 825 , -903 , 450
D , 105 , -1115 , -2645 , -1138 , 864 , 769 , -978 , 450
D , 106 , -1196 , -2523 , -757 , 822 , 724 , -1000 , 450
D , 107 , -1292 , -2441 , -513 , 785 , 728 , -1000 , 450
D , 108 , -1390 , -2375 , -22 , 743 , 710 , -1000 , 450
D , 109 , -1481 , -2290 , 275 , 707 , 679 , -1000 , 450
D , 110 , -1556 , -2166 , 579 , 656 , 607 , -1000 , 450
D , 111 , -1619 , -2037 , 161 , 585 , 524 , -1000 , 450
D , 112 , -1696 , -1932 , -852 , 499 , 471 , -1000 , 450
D , 113 , -1754 , -1812 , -1040 , 427 , 428 , -1000 , 450
D , 114 , -1797 , -1652 , -536 , 370 , 374 , -1000 , 450
D , 115 , -1812 , -1436 , 424 , 318 , 290 , -1000 , 450
D , 116 , -1811 , -1222 , 1021 , 257 , 214 , -1000 , 450
D , 117 , -1802 , -1011 , 1016 , 185 , 125 , -1000 , 450
D , 118 , -1790 , -841 , 447 , 28 , -33 , -1000 , 450
D , 119 , -1789 , -711 , -284 , 28 , -33 , -1000 , 450
D , 120 , -1792 , -630 , -473 , -55 , -113 , -1000 , 450
D , 121 , -1797 , -545 , -22 , -142 , -188 , -1000 , 450
D , 122 , -1798 , -443 , 219 , -321 , -358 , -1000 , 450
D , 123 , -1786 , -335 , 309 , -321 , -358 , -1000 , 450
D , 124 , -1765 , -219 , 133 , -416 , -426 , -1000 , 450
D , 125 , -1728 , -64 , -101 , -468 , -487 , -1000 , 450
D , 126 , -1678 , 108 , -134 , -513 , -539 , -1000 , 450
D , 127 , -1617 , 286 , -15 , -560 , -594 , -1000 , 450
D , 128 , -1551 , 440 , 175 , -619 , -660 , -1000 , 450
D , 129 , -1487 , 559 , 114 , -666 , -705 , -1000 , 450
D , 130 , -1430 , 637 , 37 , -702 , -749 , -1000 , 450
D , 131 , -1365 , 690 , -81 , -750 , -778 , -1000 , 450
D , 132 , -1317 , 732 , -104 , -784 , -820 , -1000 , 450
D , 133 , -1269 , 770 , -127 , -819 , -854 , -1000 , 450
D , 134 , -1219 , 811 , -53 , -846 , -882 , -1000 , 450
D , 135 , -1168 , 844 , 49 , -881 , -896 , -1000 , 450
D , 136 , -1113 , 888 , 23 , -911 , -921 , -1000 , 450
D , 137 , -1051 , 953 , 42 , -921 , -943 , -1000 , 450
D , 138 , -981 , 1028 , 93 , -943 , -960 , -1000 , 450
D , 139 , -906 , 1105 , 100 , -967 , -986 , -1000 , 450
D , 140 , -811 , 1163 , 2 , -985 , -1013 , -1000 , 450
D , 141 , -740 , 1199 , 18 , -1000 , -1028 , -1000 , 450
D , 142 , -674 , 1214 , -21 , -1007 , -1047 , -1000 , 450
D , 143 , -610 , 1230 , -6 , -1007 , -1047 , -1000 , 450
D , 144 , -547 , 1239 , -27 , -1021 , -1071 , -1000 , 450
D , 145 , -483 , 1255 , 40 , -1039 , -1085 , -1000 , 450
D , 146 , -416 , 1277 , 89 , -1057 , -1092 , -1000 , 450
D , 147 , -343 , 1311 , 7 , -1068 , -1103 , -1000 , 450
D , 148 , -268 , 1345 , -158 , -1067 , -1110 , -1000 , 450
D , 149 , -168 , 1385 , 5 , -1079 , -1122 , -1000 , 450
D , 150 , -88 , 1425 , 49 , -1095 , -1118 , -1000 , 450
D , 151 , -8 , 1456 , -23 , -1114 , -1132 , -1000 , 450
D , 152 , 71 , 1486 , -78 , -1125 , -1148 , -1000 , 450
D , 153 , 153 , 1515 , 81 , -1125 , -1148 , -1000 , 450
D , 154 , 235 , 1540 , 189 , -1131 , -1151 , -1000 , 450
D , 155 , 318 , 1563 , 113 , -1145 , -1159 , -1000 , 450
D , 156 , 401 , 1584 , -93 , -1153 , -1165 , -1000 , 450
D , 157 , 486 , 1607 , -299 , -1170 , -1169 , -1000 , 450
D , 158 , 572 , 1642 , -85 , -1180 , -1177 , -1000 , 450
D , 159 , 684 , 1673 , 177 , -1198 , -1182 , -1000 , 450
D , 160 , 778 , 1713 , 230 , -1204 , -1183 , -1000 , 450
D , 161 , 874 , 1753 , -62 , -1212 , -1194 , -1000 , 450
D , 162 , 975 , 1801 , -154 , -1217 , -1198 , -1000 , 450
D , 163 , 1080 , 1859 , -170 , -1228 , -1215 , -1000 , 450
D , 164 , 1188 , 1915 , 54 , -1238 , -1219 , -1000 , 450
D , 165 , 1302 , 1977 , 107 , -1248 , -1224 , -1000 , 450
D , 166 , 1421 , 2055 , 142 , -1257 , -1245 , -1000 , 450
D , 167 , 1543 , 2129 , 30 , -1267 , -1258 , -1000 , 450
D , 168 , 1703 , 2200 , -124 , -1279 , -1275 , -1000 , 450
D , 169 , 1831 , 2265 , 25 , -1286 , -1293 , -1000 , 450
D , 170 , 1960 , 2318 , 159 , -1293 , -1306 , -1000 , 450
D , 171 , 2087 , 2365 , 198 , -1288 , -1309 , -914 , 450
D , 172 , 2218 , 2416 , -45 , -1294 , -1317 , -779 , 450
D , 173 , 2354 , 2476 , -152 , -1297 , -1316 , -611 , 450
D , 174 , 2496 , 2542 , -271 , -1300 , -1317 , -437 , 450
D , 175 , 2641 , 2609 , 52 , -1297 , -1335 , -275 , 450
D , 176 , 2790 , 2664 , 191 , -1297 , -1331 , -89 , 450
D , 177 , 2964 , 2679 , 138 , -1297 , -1267 , 180 , 450
D , 178 , 3087 , 2635 , -41 , -1290 , -1316 , 190 , 450
D , 179 , 3188 , 2528 , -69 , -1271 , -1311 , 220 , 450
D , 180 , 3260 , 2341 , -50 , -1249 , -1283 , 191 , 450
D , 181 , 3300 , 2090 , -53 , -1238 , -1216 , 117 , 450
D , 182 , 3314 , 1804 , -55 , -1210 , -1184 , -32 , 450
D , 183 , 3304 , 1496 , -12 , -1172 , -1153 , -224 , 450
D , 184 , 3277 , 1192 , -18 , -1125 , -1111 , -393 , 450
D , 185 , 3241 , 914 , 161 , -1084 , -1082 , -574 , 450
D , 186 , 3197 , 685 , 284 , -1035 , -1029 , -673 , 450
D , 187 , 3168 , 516 , 263 , -937 , -903 , -681 , 450
D , 188 , 3150 , 407 , 107 , -937 , -903 , -643 , 450
D , 189 , 3150 , 371 , -55 , -879 , -847 , -517 , 450
D , 190 , 3174 , 418 , -81 , -840 , -794 , -325 , 450
D , 191 , 3226 , 538 , 103 , -810 , -755 , -68 , 450
D , 192 , 3301 , 700 , 236 , -773 , -747 , 209 , 450
D , 193 , 3389 , 866 , 72 , -745 , -685 , 568 , 450
D , 194 , 3481 , 1013 , -263 , -716 , -654 , 872 , 450
D , 195 , 3573 , 1120 , -317 , -674 , -607 , 1000 , 450
D , 196 , 3666 , 1138 , -205 , -628 , -581 , 1000 , 450
D , 197 , 3702 , 1038 , 38 , -573 , -600 , 1000 , 450
D , 198 , 3699 , 840 , 106 , -513 , -493 , 1000 , 450
D , 199 , 3661 , 577 , 100 , -463 , -434 , 1000 , 450
D , 200 , 3598 , 289 , 85 , -417 , -395 , 1000 , 450
D , 201 , 3521 , 8 , 100 , -361 , -392 , 948 , 450
D , 202 , 3435 , -247 , 114 , -314 , -352 , 769 , 450
D , 203 , 3348 , -464 , 51 , -272 , -306 , 628 , 450
D , 204 , 3265 , -637 , -102 , -230 , -262 , 525 , 450
D , 205 , 3170 , -755 , -110 , -183 , -209 , 479 , 450
D , 206 , 3106 , -826 , -34 , -148 , -171 , 467 , 450
D , 207 , 3050 , -860 , 5 , -105 , -150 , 482 , 450
D , 208 , 3002 , -874 , -53 , -62 , -115 , 546 , 450
D , 209 , 2955 , -891 , -73 , -36 , -80 , 579 , 450
D , 210 , 2902 , -928 , -34 , 15 , -44 , 629 , 450
D , 211 , 2842 , -983 , 90 , 71 , 0 , 678 , 450
D , 212 , 2775 , -1041 , 117 , 122 , 82 , 766 , 450
D , 213 , 2705 , -1097 , 24 , 175 , 102 , 760 , 450
D , 214 , 2636 , -1144 , -55 , 235 , 156 , 827 , 450
D , 215 , 2549 , -1186 , -88 , 282 , 214 , 865 , 450
D , 216 , 2479 , -1220 , -36 , 334 , 270 , 936 , 450
D , 217 , 2409 , -1250 , 21 , 373 , 321 , 983 , 450
D , 218 , 2340 , -1278 , 51 , 409 , 357 , 1000 , 450
D , 219 , 2267 , -1318 , 26 , 441 , 388 , 1000 , 450
D , 220 , 2185 , -1381 , -87 , 469 , 414 , 956 , 450
D , 221 , 2093 , -1463 , -106 , 530 , 473 , 883 , 450
D , 222 , 1992 , -1562 , 12 , 530 , 473 , 803 , 450
D , 223 , 1881 , -1671 , 96 , 557 , 499 , 687 , 450
D , 224 , 1741 , -1760 , 0 , 575 , 517 , 530 , 450
D , 225 , 1636 , -1806 , -20 , 592 , 542 , 458 , 450
D , 226 , 1539 , -1821 , -43 , 614 , 559 , 419 , 450
D , 227 , 1452 , -1801 , -81 , 627 , 579 , 408 , 450
D , 228 , 1376 , -1756 , -39 , 642 , 603 , 442 , 450
D , 229 , 1310 , -1693 , 117 , 624 , 620 , 436 , 450
D , 230 , 1252 , -1611 , 93 , 632 , 637 , 501 , 450
D , 231 , 1205 , -1506 , -17 , 672 , 656 , 644 , 450
D , 232 , 1170 , -1386 , -32 , 675 , 662 , 735 , 450
D , 233 , 1142 , -1269 , -55 , 655 , 670 , 801 , 450
D , 234 , 1104 , -1187 , -78 , 690 , 683 , 919 , 450
D , 235 , 1062 , -1154 , -44 , 667 , 683 , 881 , 450
D , 236 , 1006 , -1174 , 70 , 667 , 695 , 836 , 450
D , 237 , 932 , -1237 , 114 , 705 , 700 , 784 , 450
D , 238 , 848 , -1314 , 8 , 708 , 707 , 660 , 450
D , 239 , 761 , -1382 , -69 , 676 , 712 , 484 , 450
D , 240 , 678 , -1422 , -172 , 683 , 728 , 411 , 450
D , 241 , 599 , -1443 , -169 , 686 , 738 , 346 , 450
D , 242 , 527 , -1444 , 47 , 680 , 747 , 289 , 450
D , 243 , 442 , -1427 , 135 , 678 , 753 , 237 , 450
D , 244 , 384 , -1384 , 38 , 678 , 749 , 223 , 450
D , 245 , 337 , -1308 , 9 , 678 , 749 , 255 , 450
D , 246 , 304 , -1198 , -108 , 670 , 754 , 322 , 450
D , 247 , 288 , -1055 , -151 , 663 , 745 , 420 , 450
D , 248 , 287 , -887 , -41 , 651 , 737 , 547 , 450
D , 249 , 302 , -710 , 91 , 677 , 729 , 754 , 450
D , 250 , 324 , -538 , 182 , 672 , 715 , 910 , 450
D , 251 , 350 , -384 , -1 , 630 , 702 , 995 , 450
D , 252 , 377 , -277 , -99 , 623 , 685 , 1000 , 450
D , 253 , 382 , -248 , -77 , 646 , 675 , 1000 , 450
D , 254 , 359 , -321 , 46 , 648 , 675 , 1000 , 450
D , 255 , 302 , -479 , -1 , 648 , 675 , 900 , 450
D , 256 , 216 , -682 , -39 , 649 , 674 , 649 , 450
D , 257 , 116 , -888 , -7 , 621 , 680 , 346 , 450
D , 258 , 15 , -1058 , -4 , 624 , 684 , 120 , 450
D , 259 , -80 , -1174 , 90 , 666 , 688 , 5 , 450
D , 260 , -166 , -1247 , 168 , 669 , 690 , -123 , 450
D , 261 , -237 , -1235 , -18 , 675 , 696 , -156 , 450
D , 262 , -290 , -1130 , -25 , 672 , 692 , -122 , 450
D , 263 , -287 , -908 , 86 , 660 , 671 , 38 , 450
D , 264 , -240 , -603 , 133 , 648 , 662 , 328 , 450
D , 265 , -163 , -268 , 81 , 627 , 635 , 639 , 450
D , 266 , -73 , 39 , -10 , 612 , 605 , 942 , 450
D , 267 , 18 , 302 , -50 , 601 , 588 , 1000 , 450
D , 268 , 105 , 502 , -65 , 575 , 558 , 1000 , 450
D , 269 , 172 , 585 , 20 , 558 , 538 , 1000 , 450
D , 270 , 197 , 524 , 57 , 554 , 536 , 1000 , 450
D , 271 , 166 , 324 , 0 , 560 , 543 , 1000 , 450
D , 272 , 107 , 85 , -71 , 565 , 558 , 1000 , 450
D , 273 , 38 , -130 , -85 , 577 , 575 , 884 , 450
D , 274 , -30 , -313 , -20 , 582 , 586 , 694 , 450
D , 275 , -95 , -452 , 47 , 586 , 593 , 537 , 450
D , 276 , -154 , -559 , 49 , 592 , 598 , 413 , 450
D , 277 , -213 , -648 , -40 , 590 , 597 , 286 , 450
D , 278 , -270 , -722 , -39 , 587 , 593 , 163 , 450
D , 279 , -325 , -779 , 193 , 578 , 584 , 43 , 450
D , 280 , -377 , -811 , 170 , 573 , 566 , -60 , 450
D , 281 , -435 , -821 , 69 , 564 , 554 , -151 , 450
D , 282 , -469 , -782 , -134 , 558 , 541 , -169 , 450
D , 283 , -483 , -690 , -159 , 559 , 549 , -79 , 450
D , 284 , -473 , -533 , -68 , 550 , 547 , 57 , 450
D , 285 , -434 , -308 , 131 , 548 , 549 , 298 , 450
D , 286 , -368 , -46 , 204 , 544 , 549 , 595 , 450
D , 287 , -284 , 217 , 26 , 547 , 549 , 924 , 450
D , 288 , -195 , 448 , -96 , 547 , 549 , 1000 , 450
D , 289 , -106 , 635 , -168 , 545 , 544 , 1000 , 450
D , 290 , -13 , 726 , -153 , 526 , 524 , 1000 , 450
D , 291 , 23 , 679 , -67 , 515 , 504 , 1000 , 450
D , 292 , 11 , 496 , 119 , 511 , 498 , 1000 , 450
D , 293 , -41 , 230 , 101 , 500 , 494 , 1000 , 450
D , 294 , -123 , -60 , -9 , 494 , 496 , 755 , 450
D , 295 , -217 , -336 , -95 , 488 , 483 , 399 , 450
D , 296 , -311 , -564 , 10 , 482 , 473 , 91 , 450
D , 297 , -403 , -741 , 23 , 476 , 475 , -147 , 450
D , 298 , -486 , -853 , 16 , 474 , 481 , -313 , 450
D , 299 , -569 , -898 , -22 , 475 , 488 , -416 , 450
S, 2 , 600 , 7419 , 1 , 1 , 806 , 663 , 447 , 1543 , 362
D , 0 , -367 , -425 , -153 , 694 , 752 , 129 , 425
D , 1 , -326 , -189 , -128 , 678 , 741 , 335 , 426
D , 2 , -237 , 80 , -83 , 667 , 724 , 621 , 426
D , 3 , -145 , 348 , -27 , 656 , 717 , 924 , 427
D , 4 , -45 , 597 , 13 , 646 , 703 , 1000 , 428
D , 5 , 54 , 798 , 17 , 637 , 692 , 1000 , 429
D , 6 , 145 , 938 , -11 , 619 , 681 , 1000 , 429
D , 7 , 215 , 975 , -3 , 608 , 679 , 1000 , 430
D , 8 , 250 , 894 , -20 , 607 , 678 , 1000 , 431
D , 9 , 245 , 710 , 82 , 608 , 683 , 1000 , 432
D , 10 , 207 , 475 , 97 , 603 , 696 , 1000 , 432
D , 11 , 152 , 226 , 159 , 640 , 707 , 1000 , 433
D , 12 , 76 , 13 , 63 , 595 , 714 , 753 , 434
D , 13 , 15 , -160 , -162 , 648 , 704 , 599 , 435
D , 14 , -39 , -293 , -141 , 605 , 711 , 369 , 435
D , 15 , -86 , -381 , -46 , 601 , 707 , 227 , 436
D , 16 , -124 , -425 , 139 , 602 , 701 , 138 , 437
D , 17 , -150 , -420 , 110 , 645 , 692 , 164 , 438
D , 18 , -159 , -364 , 38 , 647 , 683 , 190 , 438
D , 19 , -149 , -261 , -4 , 647 , 674 , 275 , 439
D , 20 , -117 , -90 , -8 , 645 , 670 , 447 , 440
D , 21 , -65 , 102 , 72 , 648 , 669 , 671 , 441
D , 22 , 16 , 291 , 125 , 652 , 673 , 933 , 441
D , 23 , 90 , 474 , 42 , 661 , 677 , 1000 , 442
D , 24 , 168 , 631 , -51 , 659 , 684 , 1000 , 443
D , 25 , 239 , 734 , -73 , 659 , 695 , 1000 , 444
D , 26 , 290 , 745 , -116 , 680 , 703 , 1000 , 444
D , 27 , 306 , 644 , -146 , 695 , 717 , 1000 , 445
D , 28 , 288 , 470 , 5 , 700 , 724 , 1000 , 446
D , 29 , 248 , 270 , 46 , 702 , 724 , 1000 , 447
D , 30 , 200 , 89 , 81 , 716 , 732 , 1000 , 447
D , 31 , 142 , -43 , -60 , 725 , 728 , 948 , 448
D , 32 , 104 , -142 , -27 , 735 , 725 , 830 , 449
D , 33 , 72 , -212 , 154 , 732 , 723 , 725 , 450
D , 34 , 43 , -269 , 82 , 742 , 718 , 649 , 450
D , 35 , 14 , -317 , -72 , 748 , 716 , 580 , 451
D , 36 , -15 , -356 , -209 , 752 , 710 , 509 , 452
D , 37 , -43 , -387 , -30 , 761 , 716 , 472 , 453
D , 38 , -71 , -413 , 170 , 762 , 724 , 432 , 453
D , 39 , -97 , -427 , 41 , 771 , 736 , 421 , 454
D , 40 , -119 , -418 , -232 , 787 , 748 , 444 , 455
D , 41 , -137 , -391 , -228 , 800 , 763 , 488 , 456
D , 42 , -144 , -346 , 102 , 818 , 779 , 568 , 456
D , 43 , -145 , -293 , 262 , 826 , 794 , 645 , 457
D , 44 , -140 , -231 , 86 , 842 , 812 , 754 , 458
D , 45 , -131 , -170 , -72 , 856 , 830 , 862 , 459
D , 46 , -117 , -98 , -141 , 851 , 837 , 941 , 459
D , 47 , -99 , -26 , 20 , 847 , 838 , 1000 , 460
D , 48 , -81 , 25 , 247 , 845 , 839 , 1000 , 461
D , 49 , -72 , 16 , 117 , 846 , 841 , 1000 , 462
D , 50 , -86 , -43 , 10 , 839 , 837 , 995 , 462
D , 51 , -121 , -161 , -124 , 836 , 845 , 860 , 463
D , 52 , -174 , -306 , -39 , 832 , 847 , 671 , 464
D , 53 , -239 , -467 , 156 , 828 , 856 , 468 , 465
D , 54 , -308 , -607 , 86 , 822 , 863 , 270 , 465
D , 55 , -376 , -714 , -20 , 826 , 877 , 129 , 466
D , 56 , -437 , -780 , -165 , 828 , 885 , 20 , 467
D , 57 , -488 , -801 , -18 , 815 , 895 , -59 , 468
D , 58 , -518 , -752 , 82 , 816 , 878 , -75 , 468
D , 59 , -521 , -584 , 107 , 807 , 871 , 41 , 469
D , 60 , -470 , -322 , 97 , 791 , 859 , 280 , 470
D , 61 , -385 , 4 , -47 , 774 , 846 , 608 , 471
D , 62 , -278 , 331 , -57 , 752 , 825 , 940 , 471
D , 63 , -162 , 630 , 47 , 734 , 804 , 1000 , 472
D , 64 , -47 , 874 , 192 , 714 , 774 , 1000 , 473
D , 65 , 62 , 1051 , 142 , 695 , 750 , 1000 , 474
D , 66 , 149 , 1121 , 11 , 695 , 739 , 1000 , 474
D , 67 , 198 , 1056 , -121 , 695 , 741 , 1000 , 475
D , 68 , 204 , 847 , -88 , 699 , 737 , 1000 , 476
D , 69 , 162 , 596 , 108 , 693 , 735 , 1000 , 477
D , 70 , 115 , 369 , 191 , 694 , 734 , 1000 , 477
D , 71 , 69 , 193 , 136 , 695 , 732 , 946 , 478
D , 72 , 27 , 46 , -34 , 697 , 735 , 780 , 479
D , 73 , -6 , -52 , -120 , 696 , 733 , 651 , 480
D , 74 , -36 , -128 , 5 , 689 , 731 , 536 , 480
D , 75 , -56 , -154 , 112 , 682 , 717 , 458 , 481
D , 76 , -67 , -156 , 51 , 678 , 710 , 426 , 482
D , 77 , -70 , -132 , -94 , 680 , 693 , 419 , 483
D , 78 , -68 , -102 , -14 , 681 , 697 , 453 , 483
D , 79 , -62 , -72 , 7 , 684 , 704 , 498 , 484
D , 80 , -53 , -31 , 65 , 701 , 708 , 572 , 485
D , 81 , -40 , 15 , 90 , 711 , 710 , 643 , 486
D , 82 , -22 , 74 , -46 , 727 , 720 , 750 , 486
D , 83 , 1 , 142 , -127 , 743 , 735 , 880 , 487
D , 84 , 27 , 197 , -18 , 767 , 760 , 1000 , 488
D , 85 , 51 , 235 , 170 , 784 , 783 , 1000 , 489
D , 86 , 67 , 232 , 243 , 798 , 789 , 1000 , 489
D , 87 , 66 , 173 , -34 , 809 , 793 , 1000 , 490
D , 88 , 46 , 74 , -290 , 814 , 810 , 1000 , 491
D , 89 , 12 , -42 , -251 , 821 , 809 , 945 , 492
D , 90 , -28 , -163 , -90 , 827 , 808 , 801 , 492
D , 91 , -72 , -274 , 179 , 831 , 814 , 671 , 493
D , 92 , -116 , -364 , 211 , 826 , 811 , 530 , 494
D , 93 , -159 , -437 , 33 , 830 , 814 , 428 , 495
D , 94 , -200 , -491 , -109 , 832 , 818 , 345 , 495
D , 95 , -236 , -516 , -36 , 831 , 826 , 293 , 496
D , 96 , -267 , -530 , 149 , 827 , 836 , 254 , 497
D , 97 , -291 , -505 , 120 , 823 , 842 , 251 , 498
D , 98 , -304 , -441 , 64 , 813 , 852 , 291 , 498
D , 99 , -296 , -330 , -65 , 806 , 850 , 380 , 499
D , 100 , -266 , -174 , -16 , 791 , 851 , 524 , 500
D , 101 , -217 , 16 , 17 , 787 , 849 , 732 , 501
D , 102 , -151 , 214 , -48 , 778 , 847 , 956 , 501
D , 103 , -80 , 396 , -39 , 775 , 842 , 1000 , 502
D , 104 , -9 , 544 , 78 , 758 , 833 , 1000 , 503
D , 105 , 55 , 650 , 68 , 753 , 819 , 1000 , 504
D , 106 , 107 , 662 , 37 , 750 , 825 , 1000 , 504
D , 107 , 131 , 576 , -88 , 746 , 828 , 1000 , 505
D , 108 , 111 , 398 , -158 , 745 , 812 , 1000 , 506
D , 109 , 66 , 182 , 0 , 746 , 814 , 1000 , 507
D , 110 , 7 , -20 , 185 , 749 , 822 , 822 , 507
D , 111 , -52 , -187 , 218 , 750 , 818 , 607 , 508
D , 112 , -108 , -312 , 20 , 755 , 821 , 448 , 509
D , 113 , -154 , -398 , -87 , 706 , 823 , 250 , 510
D , 114 , -192 , -441 , -127 , 713 , 820 , 176 , 510
D , 115 , -217 , -436 , 64 , 752 , 813 , 200 , 511
D , 116 , -222 , -353 , 113 , 753 , 796 , 240 , 512
D , 117 , -200 , -212 , -34 , 716 , 780 , 305 , 513
D , 118 , -157 , -27 , -202 , 718 , 769 , 496 , 513
D , 119 , -94 , 176 , -211 , 723 , 759 , 732 , 514
D , 120 , -18 , 383 , -45 , 725 , 750 , 980 , 515
D , 121 , 66 , 580 , 205 , 718 , 748 , 1000 , 516
D , 122 , 153 , 757 , 139 , 716 , 743 , 1000 , 516
D , 123 , 234 , 863 , -110 , 715 , 744 , 1000 , 517
D , 124 , 289 , 868 , -242 , 730 , 745 , 1000 , 518
D , 125 , 312 , 760 , -87 , 742 , 760 , 1000 , 519
D , 126 , 305 , 606 , 153 , 739 , 770 , 1000 , 519
D , 127 , 284 , 455 , 123 , 749 , 764 , 1000 , 520
D , 128 , 257 , 307 , -32 , 752 , 769 , 1000 , 521
D , 129 , 231 , 185 , -55 , 759 , 726 , 1000 , 522
D , 130 , 207 , 91 , -91 , 757 , 768 , 1000 , 522
D , 131 , 185 , 15 , 113 , 763 , 718 , 862 , 523
D , 132 , 162 , -53 , 0 , 757 , 759 , 828 , 524
D , 133 , 135 , -128 , -103 , 807 , 754 , 799 , 525
D , 134 , 106 , -202 , -260 , 809 , 757 , 709 , 525
D , 135 , 74 , -266 , 5 , 777 , 713 , 503 , 526
D , 136 , 32 , -326 , 233 , 784 , 730 , 439 , 527
D , 137 , -2 , -379 , 322 , 831 , 751 , 456 , 528
D , 138 , -34 , -420 , 123 , 846 , 824 , 515 , 528
D , 139 , -61 , -429 , -46 , 852 , 793 , 439 , 529
D , 140 , -79 , -406 , -100 , 858 , 820 , 487 , 530
D , 141 , -87 , -366 , -85 , 879 , 844 , 578 , 531
D , 142 , -86 , -299 , 75 , 892 , 875 , 701 , 531
D , 143 , -73 , -203 , 21 , 894 , 891 , 824 , 532
D , 144 , -50 , -91 , 31 , 893 , 937 , 1000 , 533
D , 145 , -16 , 35 , -3 , 888 , 896 , 1000 , 534
D , 146 , 31 , 139 , -90 , 886 , 890 , 1000 , 534
D , 147 , 65 , 210 , -97 , 879 , 887 , 1000 , 535
D , 148 , 85 , 216 , -120 , 874 , 873 , 1000 , 536
D , 149 , 82 , 148 , 129 , 872 , 918 , 1000 , 537
D , 150 , 55 , 24 , 146 , 871 , 871 , 1000 , 537
D , 151 , 9 , -132 , -8 , 868 , 926 , 970 , 538
D , 152 , -47 , -285 , -35 , 879 , 883 , 726 , 539
D , 153 , -106 , -416 , -97 , 880 , 890 , 558 , 540
D , 154 , -162 , -505 , -87 , 883 , 891 , 424 , 540
D , 155 , -223 , -564 , -11 , 884 , 944 , 387 , 541
D , 156 , -263 , -586 , 87 , 887 , 947 , 331 , 542
D , 157 , -292 , -580 , 173 , 887 , 948 , 304 , 543
D , 158 , -309 , -527 , 129 , 881 , 895 , 243 , 543
D , 159 , -307 , -429 , -24 , 879 , 939 , 390 , 544
D , 160 , -286 , -282 , -143 , 883 , 931 , 533 , 545
D , 161 , -240 , -84 , -120 , 871 , 912 , 705 , 546
D , 162 , -179 , 124 , 42 , 865 , 893 , 912 , 546
D , 163 , -108 , 321 , 81 , 866 , 877 , 1000 , 547
D , 164 , -31 , 504 , 30 , 861 , 832 , 1000 , 548
D , 165 , 57 , 619 , -34 , 856 , 857 , 1000 , 549
D , 166 , 106 , 639 , -78 , 862 , 847 , 1000 , 549
D , 167 , 120 , 554 , -64 , 863 , 851 , 1000 , 550
D , 168 , 103 , 395 , 1 , 860 , 862 , 1000 , 551
D , 169 , 67 , 221 , 21 , 861 , 863 , 1000 , 552
D , 170 , 24 , 56 , 82 , 870 , 859 , 1000 , 552
D , 171 , -17 , -69 , 35 , 864 , 859 , 845 , 553
D , 172 , -54 , -161 , -103 , 865 , 848 , 707 , 554
D , 173 , -83 , -206 , -151 , 860 , 847 , 626 , 555
D , 174 , -110 , -233 , 7 , 858 , 846 , 566 , 555
D , 175 , -127 , -241 , 51 , 853 , 835 , 515 , 556
D , 176 , -139 , -238 , 93 , 849 , 832 , 492 , 557
D , 177 , -146 , -217 , 28 , 849 , 826 , 492 , 558
D , 178 , -147 , -188 , -7 , 846 , 817 , 496 , 558
D , 179 , -147 , -154 , 12 , 848 , 818 , 528 , 559
D , 180 , -141 , -109 , 14 , 848 , 822 , 576 , 560
D , 181 , -131 , -60 , 168 , 854 , 839 , 662 , 561
D , 182 , -115 , 2 , 175 , 857 , 845 , 746 , 561
D , 183 , -94 , 65 , 43 , 858 , 860 , 845 , 562
D , 184 , -65 , 129 , -140 , 861 , 870 , 948 , 563
D , 185 , -41 , 177 , -139 , 867 , 884 , 1000 , 564
D , 186 , -20 , 205 , 31 , 859 , 903 , 1000 , 564
D , 187 , -8 , 200 , 81 , 857 , 905 , 1000 , 565
D , 188 , -11 , 142 , 122 , 864 , 914 , 1000 , 566
D , 189 , -30 , 51 , -11 , 860 , 917 , 975 , 567
D , 190 , -65 , -72 , -43 , 856 , 923 , 831 , 567
D , 191 , -110 , -199 , 9 , 861 , 925 , 681 , 568
D , 192 , -159 , -322 , 105 , 857 , 930 , 520 , 569
D , 193 , -224 , -425 , -99 , 864 , 931 , 371 , 570
D , 194 , -272 , -500 , -103 , 867 , 924 , 247 , 570
D , 195 , -313 , -539 , 14 , 864 , 933 , 175 , 571
D , 196 , -340 , -521 , 146 , 859 , 934 , 154 , 572
D , 197 , -349 , -447 , 229 , 855 , 932 , 197 , 573
D , 198 , -331 , -297 , 143 , 852 , 926 , 332 , 573
D , 199 , -282 , -81 , -70 , 844 , 914 , 539 , 574
D , 200 , -205 , 182 , -297 , 830 , 896 , 802 , 575
D , 201 , -51 , 798 , -246 , 806 , 873 , 1000 , 576
T , 202 , 220 , 1480 , 66 , 786 , 826 , 1000 , 576
D , 203 , 541 , 1947 , 225 , 776 , 801 , 1000 , 576
D , 204 , 768 , 2361 , 102 , 777 , 801 , 1000 , 576
D , 205 , 1005 , 2697 , 61 , 793 , 823 , 1000 , 576
D , 206 , 1088 , 2558 , 317 , 827 , 817 , 1000 , 576
D , 207 , 1117 , 2160 , 35 , 830 , 817 , 1000 , 576
D , 208 , 1126 , 1944 , -363 , 803 , 790 , 1000 , 576
D , 209 , 1157 , 1699 , -313 , 765 , 753 , 1000 , 576
D , 210 , 1125 , 1289 , -274 , 760 , 733 , 1000 , 576
D , 211 , 1002 , 585 , 105 , 751 , 719 , 1000 , 576
D , 212 , 767 , -9 , -147 , 746 , 723 , 1000 , 576
D , 213 , 618 , -422 , 221 , 737 , 704 , 1000 , 576
D , 214 , 524 , -567 , 859 , 727 , 690 , 1000 , 576
D , 215 , 452 , -680 , 530 , 711 , 685 , 1000 , 576
D , 216 , 397 , -731 , -361 , 712 , 665 , 1000 , 576
D , 217 , 344 , -813 , -510 , 736 , 648 , 1000 , 576
D , 218 , 275 , -894 , -361 , 765 , 654 , 1000 , 576
D , 219 , 215 , -923 , -440 , 778 , 684 , 1000 , 576
D , 220 , 166 , -935 , -236 , 780 , 710 , 1000 , 576
D , 221 , 127 , -930 , 101 , 785 , 726 , 1000 , 576
D , 222 , 36 , -1091 , 170 , 811 , 754 , 1000 , 576
D , 223 , -112 , -1492 , -111 , 828 , 770 , 1000 , 576
D , 224 , -366 , -2132 , -312 , 842 , 774 , 549 , 576
D , 225 , -691 , -2775 , 40 , 834 , 763 , -366 , 576
D , 226 , -977 , -3182 , 529 , 802 , 767 , -1000 , 576
D , 227 , -1247 , -3508 , 821 , 790 , 789 , -1000 , 576
D , 228 , -1491 , -3634 , -17 , 799 , 794 , -1000 , 576
D , 229 , -1631 , -3459 , -50 , 810 , 802 , -1000 , 576
D , 230 , -1745 , -3277 , 162 , 780 , 777 , -1000 , 576
D , 231 , -1878 , -3118 , -142 , 741 , 748 , -1000 , 576
D , 232 , -1991 , -3035 , -949 , 682 , 685 , -1000 , 576
D , 233 , -2116 , -2970 , -853 , 638 , 625 , -1000 , 576
D , 234 , -2244 , -2909 , -139 , 584 , 589 , -1000 , 576
D , 235 , -2355 , -2784 , 671 , 528 , 526 , -1000 , 576
D , 236 , -2432 , -2580 , 1094 , 469 , 480 , -1000 , 576
D , 237 , -2482 , -2339 , 878 , 402 , 432 , -1000 , 576
D , 238 , -2520 , -2100 , 208 , 312 , 367 , -1000 , 576
D , 239 , -2550 , -1878 , -314 , 237 , 279 , -1000 , 576
D , 240 , -2577 , -1694 , -330 , 147 , 198 , -1000 , 576
D , 241 , -2614 , -1548 , -138 , 128 , 123 , -1000 , 576
D , 242 , -2650 , -1437 , -120 , 53 , 66 , -1000 , 576
D , 243 , -2683 , -1320 , -176 , -18 , -4 , -1000 , 576
D , 244 , -2708 , -1196 , -256 , -106 , -82 , -1000 , 576
D , 245 , -2724 , -1066 , -455 , -189 , -173 , -1000 , 576
D , 246 , -2736 , -945 , -274 , -267 , -259 , -1000 , 576
D , 247 , -2749 , -845 , -154 , -342 , -365 , -1000 , 576
D , 248 , -2760 , -752 , 25 , -413 , -428 , -1000 , 576
D , 249 , -2767 , -649 , 127 , -474 , -492 , -1000 , 576
D , 250 , -2768 , -559 , -8 , -537 , -542 , -1000 , 576
D , 251 , -2766 , -469 , -34 , -587 , -595 , -1000 , 576
D , 252 , -2757 , -366 , -53 , -622 , -629 , -1000 , 576
D , 253 , -2742 , -265 , 89 , -666 , -653 , -1000 , 576
D , 254 , -2727 , -191 , 139 , -714 , -694 , -1000 , 576
D , 255 , -2719 , -146 , 194 , -735 , -724 , -1000 , 576
D , 256 , -2715 , -115 , -25 , -771 , -756 , -1000 , 576
D , 257 , -2711 , -87 , -200 , -815 , -781 , -1000 , 576
D , 258 , -2708 , -63 , -191 , -839 , -814 , -1000 , 576
D , 259 , -2710 , -72 , -8 , -873 , -835 , -1000 , 576
D , 260 , -2716 , -70 , 89 , -864 , -864 , -1000 , 576
D , 261 , -2722 , -81 , 33 , -916 , -883 , -1000 , 576
D , 262 , -2724 , -67 , -78 , -928 , -900 , -1000 , 576
D , 263 , -2720 , -39 , -28 , -948 , -920 , -1000 , 576
D , 264 , -2706 , 18 , -69 , -966 , -938 , -1000 , 576
D , 265 , -2690 , 57 , -20 , -977 , -953 , -1000 , 576
D , 266 , -2678 , 69 , -81 , -986 , -970 , -1000 , 576
D , 267 , -2683 , 24 , -76 , -998 , -982 , -1000 , 576
D , 268 , -2699 , -32 , -6 , -1004 , -988 , -1000 , 576
D , 269 , -2722 , -76 , 51 , -1018 , -1006 , -1000 , 576
D , 270 , -2734 , -99 , 103 , -1025 , -1012 , -1000 , 576
D , 271 , -2744 , -113 , -77 , -1041 , -1032 , -1000 , 576
D , 272 , -2754 , -134 , -78 , -1045 , -1040 , -1000 , 576
D , 273 , -2770 , -161 , -134 , -1053 , -1055 , -1000 , 576
D , 274 , -2793 , -213 , 58 , -1051 , -1065 , -1000 , 576
D , 275 , -2820 , -265 , 60 , -1052 , -1073 , -1000 , 576
D , 276 , -2851 , -322 , 121 , -1057 , -1086 , -1000 , 576
D , 277 , -2880 , -365 , 30 , -1065 , -1103 , -1000 , 576
D , 278 , -2911 , -395 , -116 , -1076 , -1107 , -1000 , 576
D , 279 , -2948 , -436 , 52 , -1064 , -1118 , -1000 , 576
D , 280 , -2984 , -485 , -20 , -1071 , -1119 , -1000 , 576
D , 281 , -3027 , -546 , 140 , -1075 , -1126 , -1000 , 576
D , 282 , -3071 , -599 , -78 , -1086 , -1124 , -1000 , 576
D , 283 , -3118 , -653 , -228 , -1096 , -1134 , -1000 , 576
D , 284 , -3170 , -713 , -32 , -1097 , -1135 , -1000 , 576
D , 285 , -3223 , -763 , 103 , -1102 , -1134 , -1000 , 576
D , 286 , -3278 , -820 , 139 , -1110 , -1135 , -1000 , 576
D , 287 , -3340 , -907 , 53 , -1115 , -1129 , -1000 , 576
D , 288 , -3430 , -991 , -183 , -1124 , -1139 , -1000 , 576
D , 289 , -3505 , -1073 , -190 , -1123 , -1135 , -1000 , 576
D , 290 , -3582 , -1158 , -93 , -1131 , -1141 , -1000 , 576
D , 291 , -3664 , -1226 , 37 , -1128 , -1136 , -1000 , 576
D , 292 , -3745 , -1294 , 132 , -1137 , -1143 , -1000 , 576
D , 293 , -3828 , -1359 , -57 , -1135 , -1140 , -1000 , 576
D , 294 , -3919 , -1431 , -84 , -1137 , -1141 , -1000 , 576
D , 295 , -4012 , -1507 , 6 , -1139 , -1145 , -1000 , 576
D , 296 , -4107 , -1575 , 64 , -1141 , -1145 , -1000 , 576
D , 297 , -4214 , -1668 , 1 , -1149 , -1139 , -1000 , 576
D , 298 , -4356 , -1779 , -102 , -1143 , -1137 , -1000 , 576
D , 299 , -4475 , -1881 , -104 , -1148 , -1136 , -1000 , 576
S, 3 , 750 , 7418 , 1 , 0 , 950 , 533 , 415 , 2139 , 335
D , 0 , -218 , 425 , -132 , 685 , 730 , 1000 , 360
D , 1 , -247 , 277 , -86 , 695 , 737 , 1000 , 361
D , 2 , -276 , 154 , 33 , 697 , 729 , 890 , 362
D , 3 , -304 , 49 , -58 , 744 , 731 , 840 , 363
D , 4 , -332 , -35 , -17 , 701 , 726 , 661 , 363
D , 5 , -357 , -101 , -104 , 696 , 724 , 565 , 364
D , 6 , -383 , -162 , -74 , 698 , 711 , 466 , 365
D , 7 , -413 , -203 , 47 , 754 , 713 , 482 , 366
D , 8 , -433 , -229 , 205 , 760 , 731 , 471 , 366
D , 9 , -448 , -234 , 253 , 771 , 748 , 491 , 367
D , 10 , -459 , -229 , 21 , 763 , 762 , 490 , 368
D , 11 , -466 , -208 , -109 , 806 , 789 , 604 , 369
D , 12 , -466 , -173 , -145 , 824 , 808 , 688 , 369
D , 13 , -461 , -126 , -43 , 845 , 833 , 801 , 370
D , 14 , -449 , -68 , 168 , 855 , 855 , 909 , 371
D , 15 , -432 , -1 , 138 , 878 , 878 , 1000 , 372
D , 16 , -410 , 70 , 36 , 882 , 891 , 1000 , 372
D , 17 , -378 , 132 , -62 , 886 , 886 , 1000 , 373
D , 18 , -359 , 160 , -92 , 884 , 886 , 1000 , 374
D , 19 , -349 , 148 , -74 , 894 , 897 , 1000 , 375
D , 20 , -360 , 74 , -22 , 895 , 899 , 1000 , 375
D , 21 , -390 , -44 , 104 , 894 , 903 , 1000 , 376
D , 22 , -438 , -195 , 35 , 894 , 909 , 933 , 377
D , 23 , -494 , -335 , 15 , 897 , 919 , 768 , 378
D , 24 , -554 , -465 , -11 , 894 , 934 , 606 , 378
D , 25 , -610 , -550 , 29 , 899 , 936 , 480 , 379
D , 26 , -670 , -601 , 227 , 899 , 952 , 393 , 380
D , 27 , -707 , -611 , 216 , 890 , 957 , 337 , 381
D , 28 , -738 , -614 , 91 , 891 , 960 , 305 , 381
D , 29 , -765 , -593 , -126 , 894 , 958 , 294 , 382
D , 30 , -781 , -542 , -81 , 889 , 959 , 313 , 383
D , 31 , -783 , -449 , 0 , 885 , 948 , 367 , 384
D , 32 , -762 , -297 , 18 , 880 , 938 , 497 , 384
D , 33 , -721 , -111 , -22 , 865 , 926 , 660 , 385
D , 34 , -662 , 86 , -115 , 865 , 916 , 879 , 386
D , 35 , -590 , 285 , -118 , 856 , 900 , 1000 , 387
D , 36 , -499 , 462 , -127 , 853 , 877 , 1000 , 387
D , 37 , -428 , 586 , -141 , 846 , 870 , 1000 , 388
D , 38 , -378 , 622 , -55 , 839 , 867 , 1000 , 389
D , 39 , -354 , 576 , 59 , 832 , 865 , 1000 , 390
D , 40 , -355 , 462 , 15 , 833 , 867 , 1000 , 390
D , 41 , -376 , 323 , 79 , 829 , 859 , 1000 , 391
D , 42 , -406 , 186 , 54 , 823 , 850 , 1000 , 392
D , 43 , -440 , 58 , 7 , 823 , 841 , 895 , 393
D , 44 , -475 , -52 , -221 , 829 , 828 , 748 , 393
D , 45 , -508 , -143 , -266 , 832 , 824 , 631 , 394
D , 46 , -547 , -206 , -250 , 834 , 815 , 522 , 395
D , 47 , -573 , -251 , 30 , 836 , 811 , 449 , 396
D , 48 , -597 , -283 , 198 , 830 , 795 , 360 , 396
D , 49 , -616 , -291 , 109 , 832 , 749 , 265 , 397
D , 50 , -629 , -278 , -60 , 839 , 804 , 352 , 398
D , 51 , -631 , -230 , -158 , 846 , 809 , 408 , 399
D , 52 , -623 , -163 , -28 , 849 , 817 , 489 , 399
D , 53 , -604 , -68 , 56 , 852 , 785 , 547 , 400
D , 54 , -572 , 53 , 63 , 854 , 832 , 758 , 401
D , 55 , -518 , 183 , 91 , 855 , 806 , 889 , 402
D , 56 , -465 , 323 , 19 , 852 , 853 , 1000 , 402
D , 57 , -407 , 450 , 72 , 853 , 856 , 1000 , 403
D , 58 , -350 , 547 , 56 , 857 , 857 , 1000 , 404
D , 59 , -304 , 588 , -41 , 856 , 811 , 1000 , 405
D , 60 , -276 , 558 , -78 , 849 , 804 , 1000 , 405
D , 61 , -273 , 464 , -54 , 844 , 802 , 1000 , 406
D , 62 , -293 , 312 , 109 , 848 , 807 , 1000 , 407
D , 63 , -330 , 135 , 180 , 843 , 807 , 1000 , 408
D , 64 , -376 , -27 , 134 , 836 , 869 , 904 , 408
D , 65 , -437 , -169 , 40 , 833 , 822 , 637 , 409
D , 66 , -485 , -279 , -62 , 834 , 828 , 498 , 410
D , 67 , -531 , -368 , 106 , 832 , 822 , 358 , 411
D , 68 , -569 , -415 , 167 , 828 , 835 , 287 , 411
D , 69 , -597 , -433 , 195 , 820 , 887 , 305 , 412
D , 70 , -615 , -403 , 65 , 811 , 839 , 224 , 413
D , 71 , -616 , -332 , -11 , 800 , 838 , 265 , 414
D , 72 , -596 , -203 , -151 , 796 , 832 , 381 , 414
D , 73 , -556 , -20 , -36 , 795 , 867 , 632 , 415
D , 74 , -481 , 180 , 34 , 797 , 821 , 819 , 416
D , 75 , -407 , 378 , 55 , 791 , 852 , 1000 , 417
D , 76 , -327 , 563 , 49 , 791 , 805 , 1000 , 417
D , 77 , -247 , 710 , -84 , 790 , 801 , 1000 , 418
D , 78 , -178 , 789 , -237 , 789 , 797 , 1000 , 419
D , 79 , -134 , 773 , -163 , 787 , 828 , 1000 , 420
D , 80 , -120 , 675 , 9 , 792 , 831 , 1000 , 420
D , 81 , -129 , 531 , 214 , 795 , 838 , 1000 , 421
D , 82 , -153 , 375 , 124 , 795 , 837 , 1000 , 422
D , 83 , -185 , 228 , -139 , 804 , 831 , 1000 , 423
D , 84 , -224 , 108 , -314 , 806 , 771 , 949 , 423
D , 85 , -248 , 27 , -229 , 802 , 816 , 911 , 424
D , 86 , -267 , -27 , 40 , 800 , 807 , 824 , 425
D , 87 , -282 , -64 , 89 , 804 , 815 , 792 , 426
D , 88 , -295 , -90 , 15 , 816 , 809 , 762 , 426
D , 89 , -309 , -123 , -191 , 823 , 806 , 722 , 427
D , 90 , -327 , -164 , -99 , 828 , 803 , 668 , 428
D , 91 , -350 , -220 , -81 , 849 , 808 , 630 , 429
D , 92 , -377 , -267 , 143 , 870 , 826 , 617 , 429
D , 93 , -404 , -297 , 100 , 890 , 843 , 616 , 430
D , 94 , -429 , -306 , 153 , 901 , 861 , 622 , 431
D , 95 , -416 , -100 , -767 , 924 , 881 , 878 , 432
D , 96 , -310 , 223 , -1022 , 945 , 886 , 1000 , 432
D , 97 , -219 , 439 , -446 , 977 , 893 , 1000 , 433
D , 98 , -132 , 705 , 605 , 971 , 908 , 1000 , 434
D , 99 , 97 , 1366 , 804 , 962 , 943 , 1000 , 435
T , 100 , 325 , 1804 , 516 , 963 , 937 , 1000 , 435
D , 101 , 542 , 2196 , -585 , 920 , 941 , 1000 , 435
D , 102 , 678 , 1851 , -797 , 1017 , 905 , 1000 , 435
D , 103 , 694 , 1544 , -586 , 1015 , 906 , 1000 , 435
D , 104 , 717 , 1476 , -8 , 999 , 942 , 1000 , 435
D , 105 , 791 , 1459 , 667 , 954 , 946 , 1000 , 435
D , 106 , 842 , 1377 , 464 , 928 , 945 , 1000 , 435
D , 107 , 831 , 1056 , 289 , 917 , 909 , 1000 , 435
D , 108 , 735 , 537 , -117 , 963 , 910 , 1000 , 435
D , 109 , 577 , -1 , 367 , 912 , 909 , 1000 , 435
D , 110 , 449 , -404 , -201 , 899 , 904 , 1000 , 435
D , 111 , 290 , -830 , -267 , 883 , 899 , 1000 , 435
D , 112 , 116 , -1200 , -540 , 879 , 889 , 1000 , 435
D , 113 , -30 , -1264 , -410 , 860 , 882 , 1000 , 435
D , 114 , -127 , -1367 , -293 , 858 , 863 , 1000 , 435
D , 115 , -224 , -1438 , 591 , 845 , 850 , 1000 , 435
D , 116 , -286 , -1408 , 756 , 825 , 900 , 1000 , 435
D , 117 , -360 , -1418 , 983 , 804 , 918 , 1000 , 435
D , 118 , -440 , -1484 , 491 , 834 , 924 , 1000 , 435
D , 119 , -533 , -1538 , -304 , 872 , 884 , 1000 , 435
D , 120 , -655 , -1742 , -890 , 878 , 890 , 814 , 435
D , 121 , -820 , -2010 , -275 , 897 , 881 , 452 , 435
D , 122 , -1018 , -2327 , -136 , 789 , 931 , -122 , 435
D , 123 , -1280 , -2635 , -150 , 784 , 930 , -659 , 435
D , 124 , -1493 , -2831 , 363 , 799 , 881 , -1000 , 435
D , 125 , -1639 , -2811 , 915 , 837 , 870 , -1000 , 435
D , 126 , -1774 , -2792 , 950 , 837 , 848 , -1000 , 435
D , 127 , -1908 , -2770 , 149 , 826 , 839 , -1000 , 435
D , 128 , -2022 , -2717 , -113 , 748 , 807 , -1000 , 435
D , 129 , -2135 , -2633 , -564 , 757 , 759 , -1000 , 435
D , 130 , -2245 , -2593 , -501 , 706 , 719 , -1000 , 435
D , 131 , -2351 , -2530 , -13 , 643 , 669 , -1000 , 435
D , 132 , -2470 , -2415 , 464 , 574 , 605 , -1000 , 435
D , 133 , -2540 , -2243 , 732 , 517 , 542 , -1000 , 435
D , 134 , -2588 , -2042 , 590 , 454 , 489 , -1000 , 435
D , 135 , -2621 , -1836 , 351 , 392 , 428 , -1000 , 435
D , 136 , -2641 , -1621 , 111 , 335 , 326 , -1000 , 435
D , 137 , -2650 , -1407 , 124 , 259 , 250 , -1000 , 435
D , 138 , -2656 , -1222 , 193 , 169 , 171 , -1000 , 435
D , 139 , -2660 , -1062 , 130 , 68 , 108 , -1000 , 435
D , 140 , -2669 , -937 , -109 , -16 , 37 , -1000 , 435
D , 141 , -2673 , -801 , -128 , -77 , -37 , -1000 , 435
D , 142 , -2664 , -645 , -162 , -153 , -138 , -1000 , 435
D , 143 , -2642 , -477 , -68 , -238 , -219 , -1000 , 435
D , 144 , -2611 , -313 , 59 , -328 , -299 , -1000 , 435
D , 145 , -2579 , -177 , 60 , -410 , -383 , -1000 , 435
D , 146 , -2548 , -64 , 109 , -477 , -452 , -1000 , 435
D , 147 , -2521 , 18 , 82 , -549 , -507 , -1000 , 435
D , 148 , -2495 , 95 , 86 , -620 , -567 , -1000 , 435
D , 149 , -2466 , 170 , 81 , -672 , -614 , -1000 , 435
D , 150 , -2433 , 247 , -55 , -703 , -668 , -1000 , 435
D , 151 , -2399 , 311 , -162 , -726 , -709 , -1000 , 435
D , 152 , -2356 , 365 , -180 , -758 , -740 , -1000 , 435
D , 153 , -2321 , 423 , -27 , -786 , -771 , -1000 , 435
D , 154 , -2283 , 475 , 28 , -816 , -804 , -1000 , 435
D , 155 , -2242 , 530 , 40 , -844 , -832 , -1000 , 435
D , 156 , -2204 , 565 , -54 , -867 , -863 , -1000 , 435
D , 157 , -2167 , 594 , -29 , -888 , -894 , -1000 , 435
D , 158 , -2129 , 622 , -76 , -910 , -924 , -1000 , 435
D , 159 , -2089 , 651 , 5 , -929 , -942 , -1000 , 435
D , 160 , -2048 , 680 , -29 , -945 , -967 , -1000 , 435
D , 161 , -1995 , 710 , 14 , -967 , -992 , -1000 , 435
D , 162 , -1954 , 727 , -113 , -985 , -1008 , -1000 , 435
D , 163 , -1915 , 732 , -52 , -1002 , -1029 , -1000 , 435
D , 164 , -1881 , 728 , -61 , -1020 , -1041 , -1000 , 435
D , 165 , -1848 , 718 , 43 , -1041 , -1053 , -1000 , 435
D , 166 , -1812 , 725 , -72 , -1059 , -1065 , -1000 , 435
D , 167 , -1771 , 749 , 72 , -1070 , -1077 , -1000 , 435
D , 168 , -1729 , 766 , 133 , -1075 , -1091 , -1000 , 435
D , 169 , -1687 , 776 , 81 , -1095 , -1096 , -1000 , 435
D , 170 , -1644 , 796 , -169 , -1100 , -1102 , -1000 , 435
D , 171 , -1591 , 806 , -240 , -1110 , -1114 , -1000 , 435
D , 172 , -1550 , 807 , -42 , -1121 , -1122 , -1000 , 435
D , 173 , -1510 , 809 , 212 , -1132 , -1124 , -1000 , 435
D , 174 , -1468 , 813 , 282 , -1142 , -1126 , -1000 , 435
D , 175 , -1427 , 823 , 3 , -1140 , -1128 , -1000 , 435
D , 176 , -1385 , 828 , -70 , -1155 , -1140 , -1000 , 435
D , 177 , -1342 , 839 , -151 , -1158 , -1151 , -1000 , 435
D , 178 , -1296 , 855 , 54 , -1166 , -1150 , -1000 , 435
D , 179 , -1248 , 878 , 51 , -1171 , -1157 , -1000 , 435
D , 180 , -1198 , 901 , 21 , -1180 , -1160 , -1000 , 435
D , 181 , -1136 , 917 , -31 , -1176 , -1166 , -1000 , 435
D , 182 , -1089 , 919 , -110 , -1174 , -1169 , -1000 , 435
D , 183 , -1043 , 922 , 36 , -1175 , -1171 , -1000 , 435
D , 184 , -999 , 923 , -26 , -1176 , -1174 , -1000 , 435
D , 185 , -953 , 923 , -10 , -1166 , -1174 , -1000 , 435
D , 186 , -907 , 925 , -57 , -1161 , -1188 , -1000 , 435
D , 187 , -861 , 927 , 68 , -1168 , -1187 , -1000 , 435
D , 188 , -815 , 928 , 96 , -1178 , -1197 , -1000 , 435
D , 189 , -771 , 925 , 23 , -1174 , -1212 , -1000 , 435
D , 190 , -716 , 923 , 163 , -1182 , -1214 , -1000 , 435
D , 191 , -671 , 926 , 58 , -1189 , -1225 , -1000 , 435
D , 192 , -625 , 926 , -27 , -1190 , -1229 , -1000 , 435
D , 193 , -577 , 940 , -104 , -1185 , -1248 , -1000 , 435
D , 194 , -528 , 951 , 119 , -1197 , -1258 , -1000 , 435
D , 195 , -477 , 967 , 105 , -1217 , -1268 , -1000 , 435
D , 196 , -425 , 980 , -89 , -1213 , -1269 , -1000 , 435
D , 197 , -371 , 995 , -172 , -1218 , -1261 , -1000 , 435
D , 198 , -319 , 1010 , -100 , -1224 , -1276 , -1000 , 435
D , 199 , -266 , 1012 , 185 , -1228 , -1271 , -1000 , 435
D , 200 , -202 , 1024 , 201 , -1230 , -1275 , -1000 , 435
D , 201 , -149 , 1029 , 44 , -1230 , -1267 , -1000 , 435
D , 202 , -93 , 1052 , -280 , -1239 , -1263 , -1000 , 435
D , 203 , -36 , 1075 , -293 , -1247 , -1268 , -1000 , 435
D , 204 , 24 , 1095 , 108 , -1247 , -1274 , -1000 , 435
D , 205 , 85 , 1122 , 224 , -1253 , -1278 , -1000 , 435
D , 206 , 148 , 1147 , 306 , -1255 , -1274 , -1000 , 435
D , 207 , 213 , 1176 , -36 , -1257 , -1280 , -1000 , 435
D , 208 , 282 , 1214 , -334 , -1258 , -1277 , -1000 , 435
D , 209 , 355 , 1268 , -348 , -1264 , -1278 , -1000 , 435
D , 210 , 455 , 1330 , -124 , -1265 , -1284 , -1000 , 435
D , 211 , 541 , 1390 , 169 , -1262 , -1284 , -1000 , 435
D , 212 , 626 , 1443 , 261 , -1259 , -1282 , -1000 , 435
D , 213 , 711 , 1484 , 9 , -1269 , -1287 , -1000 , 435
D , 214 , 795 , 1518 , -337 , -1258 , -1285 , -1000 , 435
D , 215 , 881 , 1555 , -440 , -1251 , -1289 , -1000 , 435
D , 216 , 968 , 1598 , -216 , -1252 , -1293 , -1000 , 435
D , 217 , 1056 , 1625 , 133 , -1255 , -1305 , -1000 , 435
D , 218 , 1172 , 1664 , 355 , -1253 , -1308 , -1000 , 435
D , 219 , 1270 , 1721 , 332 , -1190 , -1321 , -1000 , 435
D , 220 , 1370 , 1771 , -58 , -1265 , -1331 , -1000 , 435
D , 221 , 1472 , 1820 , -214 , -1268 , -1348 , -1000 , 435
D , 222 , 1578 , 1874 , -219 , -1274 , -1359 , -1000 , 435
D , 223 , 1686 , 1932 , 121 , -1210 , -1366 , -1000 , 435
D , 224 , 1804 , 2007 , 404 , -1219 , -1368 , -1000 , 435
D , 225 , 1930 , 2105 , 286 , -1236 , -1368 , -1000 , 435
D , 226 , 2066 , 2213 , 75 , -1305 , -1373 , -1000 , 435
D , 227 , 2209 , 2321 , -226 , -1242 , -1381 , -1000 , 435
D , 228 , 2355 , 2421 , -206 , -1246 , -1380 , -1000 , 435
D , 229 , 2542 , 2522 , 18 , -1250 , -1375 , -897 , 435
D , 230 , 2693 , 2608 , 379 , -1254 , -1376 , -695 , 435
D , 231 , 2852 , 2705 , 269 , -1262 , -1305 , -377 , 435
D , 232 , 3012 , 2788 , 67 , -1269 , -1380 , -299 , 435
D , 233 , 3170 , 2856 , -137 , -1267 , -1371 , -66 , 435
D , 234 , 3325 , 2893 , -38 , -1273 , -1370 , 95 , 435
D , 235 , 3475 , 2915 , 66 , -1269 , -1358 , 275 , 435
D , 236 , 3615 , 2895 , 104 , -1259 , -1336 , 434 , 435
D , 237 , 3742 , 2833 , 103 , -1236 , -1267 , 638 , 435
D , 238 , 3849 , 2701 , 97 , -1208 , -1266 , 665 , 435
D , 239 , 3954 , 2539 , -39 , -1242 , -1223 , 637 , 435
D , 240 , 4021 , 2361 , -354 , -1126 , -1168 , 803 , 435
D , 241 , 4076 , 2174 , -37 , -1076 , -1095 , 877 , 435
D , 242 , 4126 , 1991 , 121 , -1021 , -1037 , 936 , 435
D , 243 , 4155 , 1769 , 245 , -1026 , -978 , 853 , 435
D , 244 , 4157 , 1493 , 97 , -960 , -912 , 811 , 435
D , 245 , 4134 , 1186 , 140 , -882 , -844 , 739 , 435
D , 246 , 4094 , 887 , 375 , -748 , -761 , 764 , 435
D , 247 , 4045 , 609 , 458 , -743 , -688 , 592 , 435
D , 248 , 3976 , 350 , 320 , -673 , -616 , 508 , 435
D , 249 , 3912 , 103 , 208 , -591 , -546 , 454 , 435
D , 250 , 3847 , -96 , 185 , -516 , -469 , 442 , 435
D , 251 , 3790 , -235 , 96 , -444 , -456 , 393 , 435
D , 252 , 3746 , -317 , -13 , -360 , -314 , 620 , 435
D , 253 , 3711 , -365 , -122 , -288 , -235 , 769 , 435
D , 254 , 3682 , -397 , -142 , -211 , -161 , 941 , 435
D , 255 , 3653 , -429 , -120 , -140 , -93 , 1000 , 435
D , 256 , 3621 , -466 , -83 , -72 , -30 , 1000 , 435
D , 257 , 3584 , -515 , -83 , -12 , -12 , 1000 , 435
D , 258 , 3531 , -576 , -104 , 52 , 83 , 1000 , 435
D , 259 , 3482 , -646 , -187 , 108 , 133 , 1000 , 435
D , 260 , 3427 , -718 , -239 , 155 , 183 , 1000 , 435
D , 261 , 3368 , -787 , -83 , 197 , 212 , 1000 , 435
D , 262 , 3309 , -852 , 64 , 238 , 251 , 1000 , 435
D , 263 , 3247 , -916 , 59 , 274 , 296 , 1000 , 435
D , 264 , 3184 , -973 , -146 , 309 , 331 , 1000 , 435
D , 265 , 3117 , -1031 , -160 , 343 , 360 , 1000 , 435
D , 266 , 3048 , -1086 , 93 , 376 , 387 , 1000 , 435
D , 267 , 2979 , -1132 , 243 , 408 , 429 , 1000 , 435
D , 268 , 2896 , -1152 , 30 , 446 , 456 , 1000 , 435
D , 269 , 2835 , -1164 , -151 , 476 , 493 , 1000 , 435
D , 270 , 2777 , -1172 , -293 , 505 , 518 , 1000 , 435
D , 271 , 2713 , -1198 , -205 , 543 , 538 , 1000 , 435
D , 272 , 2643 , -1238 , 69 , 564 , 571 , 1000 , 435
D , 273 , 2570 , -1274 , 63 , 603 , 600 , 1000 , 435
D , 274 , 2503 , -1278 , -76 , 632 , 635 , 1000 , 435
D , 275 , 2441 , -1274 , -47 , 670 , 672 , 1000 , 435
D , 276 , 2381 , -1271 , -41 , 696 , 696 , 1000 , 435
D , 277 , 2301 , -1284 , 0 , 723 , 728 , 1000 , 435
D , 278 , 2233 , -1299 , 75 , 750 , 754 , 1000 , 435
D , 279 , 2167 , -1294 , 32 , 774 , 779 , 1000 , 435
D , 280 , 2110 , -1263 , -55 , 804 , 799 , 1000 , 435
D , 281 , 2060 , -1230 , -160 , 823 , 826 , 1000 , 435
D , 282 , 2007 , -1223 , -4 , 851 , 843 , 1000 , 435
D , 283 , 1947 , -1232 , 75 , 867 , 864 , 1000 , 435
D , 284 , 1885 , -1234 , 40 , 895 , 889 , 1000 , 435
D , 285 , 1830 , -1206 , -134 , 909 , 914 , 1000 , 435
D , 286 , 1781 , -1163 , -58 , 929 , 933 , 1000 , 435
D , 287 , 1727 , -1124 , -55 , 941 , 943 , 1000 , 435
D , 288 , 1681 , -1098 , 117 , 953 , 959 , 1000 , 435
D , 289 , 1633 , -1090 , 107 , 965 , 970 , 1000 , 435
D , 290 , 1578 , -1096 , -43 , 977 , 990 , 1000 , 435
D , 291 , 1524 , -1098 , -155 , 992 , 1015 , 1000 , 435
D , 292 , 1473 , -1077 , -61 , 1002 , 1028 , 1000 , 435
D , 293 , 1434 , -1030 , 47 , 1008 , 1045 , 1000 , 435
D , 294 , 1398 , -986 , 126 , 1016 , 1055 , 1000 , 435
D , 295 , 1363 , -948 , 129 , 1017 , 1056 , 1000 , 435
D , 296 , 1323 , -937 , 97 , 1032 , 1077 , 1000 , 435
D , 297 , 1270 , -930 , 119 , 1042 , 1084 , 1000 , 435
D , 298 , 1227 , -915 , -149 , 1040 , 1099 , 1000 , 435
D , 299 , 1192 , -884 , -283 , 1056 , 1110 , 1000 , 435
S, 4 , 300 , 7414 , 1 , 0 , -550 , 401 , 204 , 942 , 386
D , 0 , -87 , 507 , 72 , 671 , 704 , 1000 , 300
D , 1 , -98 , 365 , 282 , 677 , 709 , 1000 , 300
D , 2 , -139 , 169 , 227 , 683 , 712 , 1000 , 300
D , 3 , -199 , -45 , -3 , 696 , 737 , 995 , 300
D , 4 , -264 , -234 , -305 , 701 , 740 , 773 , 300
D , 5 , -329 , -388 , -221 , 704 , 733 , 566 , 300
D , 6 , -390 , -507 , 200 , 704 , 733 , 395 , 300
D , 7 , -446 , -586 , 393 , 712 , 734 , 280 , 300
D , 8 , -510 , -647 , 189 , 713 , 737 , 164 , 300
D , 9 , -555 , -681 , -151 , 712 , 732 , 78 , 300
D , 10 , -592 , -677 , -137 , 715 , 731 , 44 , 300
D , 11 , -616 , -632 , 37 , 713 , 726 , 47 , 300
D , 12 , -616 , -510 , 227 , 709 , 715 , 132 , 300
D , 13 , -588 , -325 , 179 , 708 , 707 , 309 , 300
D , 14 , -533 , -91 , -57 , 704 , 706 , 564 , 300
D , 15 , -458 , 155 , -255 , 699 , 701 , 844 , 300
D , 16 , -372 , 393 , -148 , 687 , 689 , 1000 , 300
D , 17 , -263 , 587 , 77 , 687 , 686 , 1000 , 300
D , 18 , -183 , 721 , 82 , 679 , 681 , 1000 , 300
D , 19 , -127 , 744 , -76 , 680 , 686 , 1000 , 300
D , 20 , -106 , 655 , -109 , 670 , 684 , 1000 , 300
D , 21 , -125 , 467 , -72 , 666 , 678 , 1000 , 300
D , 22 , -172 , 239 , 25 , 666 , 677 , 1000 , 300
D , 23 , -233 , 17 , 168 , 653 , 665 , 842 , 300
D , 24 , -297 , -167 , 199 , 644 , 674 , 612 , 300
D , 25 , -358 , -315 , 90 , 645 , 631 , 355 , 300
D , 26 , -415 , -426 , -24 , 646 , 670 , 257 , 300
D , 27 , -478 , -504 , -252 , 641 , 662 , 103 , 300
D , 28 , -521 , -545 , -151 , 635 , 659 , 8 , 300
D , 29 , -550 , -535 , 1 , 623 , 614 , -100 , 300
D , 30 , -559 , -456 , 94 , 618 , 607 , -59 , 300
D , 31 , -540 , -303 , 56 , 607 , 604 , 73 , 300
D , 32 , -492 , -85 , -80 , 602 , 623 , 336 , 300
D , 33 , -417 , 167 , -188 , 594 , 613 , 609 , 300
D , 34 , -326 , 421 , -119 , 588 , 608 , 911 , 300
D , 35 , -228 , 652 , 69 , 586 , 590 , 1000 , 300
D , 36 , -106 , 839 , 164 , 581 , 581 , 1000 , 300
D , 37 , -22 , 945 , 75 , 579 , 575 , 1000 , 300
D , 38 , 34 , 936 , -20 , 588 , 603 , 1000 , 300
D , 39 , 52 , 803 , -32 , 592 , 580 , 1000 , 300
D , 40 , 27 , 577 , -27 , 603 , 586 , 1000 , 300
D , 41 , -26 , 315 , -42 , 603 , 586 , 1000 , 300
D , 42 , -91 , 74 , 77 , 608 , 588 , 860 , 300
D , 43 , -156 , -120 , 110 , 621 , 586 , 637 , 300
D , 44 , -215 , -270 , -108 , 626 , 587 , 453 , 300
D , 45 , -267 , -358 , -265 , 626 , 637 , 396 , 300
D , 46 , -316 , -408 , -214 , 624 , 599 , 240 , 300
D , 47 , -344 , -415 , 46 , 617 , 604 , 200 , 300
D , 48 , -357 , -377 , 111 , 617 , 606 , 222 , 300
D , 49 , -305 , -51 , -499 , 622 , 647 , 630 , 300
D , 50 , -197 , 258 , -505 , 618 , 611 , 956 , 300
D , 51 , -101 , 541 , 203 , 620 , 593 , 1000 , 300
D , 52 , 57 , 955 , 133 , 603 , 572 , 1000 , 300
D , 53 , 207 , 1260 , -382 , 616 , 565 , 1000 , 300
D , 54 , 357 , 1461 , -1026 , 631 , 574 , 1000 , 300
D , 55 , 502 , 1552 , -118 , 648 , 604 , 1000 , 300
D , 56 , 626 , 1743 , 765 , 661 , 625 , 1000 , 300
D , 57 , 743 , 1793 , 1165 , 679 , 673 , 1000 , 300
D , 58 , 852 , 1851 , 744 , 692 , 663 , 1000 , 300
D , 59 , 957 , 1869 , 60 , 739 , 703 , 1000 , 300
D , 60 , 958 , 1618 , -463 , 751 , 686 , 1000 , 300
D , 61 , 905 , 1159 , -778 , 759 , 683 , 1000 , 300
D , 62 , 828 , 723 , -689 , 733 , 676 , 1000 , 300
D , 63 , 753 , 492 , -650 , 710 , 670 , 1000 , 300
D , 64 , 690 , 147 , -258 , 707 , 653 , 1000 , 300
D , 65 , 552 , -200 , 880 , 710 , 640 , 1000 , 300
D , 66 , 495 , -285 , 1438 , 710 , 638 , 1000 , 300
D , 67 , 452 , -358 , 1555 , 707 , 651 , 1000 , 300
D , 68 , 414 , -419 , 1139 , 725 , 644 , 1000 , 300
D , 69 , 378 , -464 , 709 , 754 , 641 , 1000 , 300
D , 70 , 333 , -548 , -407 , 767 , 667 , 1000 , 300
D , 71 , 264 , -714 , -916 , 771 , 689 , 951 , 300
D , 72 , 181 , -816 , -1835 , 792 , 702 , 825 , 300
D , 73 , 115 , -920 , -2114 , 800 , 734 , 724 , 300
D , 74 , -30 , -1186 , -1196 , 803 , 743 , 353 , 300
D , 75 , -196 , -1567 , -15 , 809 , 763 , -115 , 300
D , 76 , -392 , -1917 , 814 , 824 , 790 , -568 , 300
D , 77 , -582 , -2182 , 1378 , 790 , 773 , -1000 , 300
D , 78 , -747 , -2106 , 1033 , 756 , 743 , -1000 , 300
D , 79 , -821 , -1951 , 322 , 756 , 743 , -1000 , 300
D , 80 , -875 , -1843 , -497 , 725 , 738 , -1000 , 300
D , 81 , -944 , -1782 , -961 , 685 , 711 , -1000 , 300
D , 82 , -1015 , -1754 , -379 , 665 , 677 , -1000 , 300
D , 83 , -1093 , -1719 , 244 , 638 , 640 , -1000 , 300
D , 84 , -1183 , -1678 , 1260 , 572 , 600 , -1000 , 300
D , 85 , -1243 , -1598 , 1318 , 506 , 555 , -1000 , 300
D , 86 , -1283 , -1457 , 681 , 445 , 499 , -1000 , 300
D , 87 , -1297 , -1249 , -286 , 394 , 430 , -1000 , 300
D , 88 , -1276 , -977 , -779 , 311 , 371 , -1000 , 300
D , 89 , -1227 , -670 , -572 , 216 , 305 , -1000 , 300
D , 90 , -1161 , -375 , 24 , 135 , 250 , -1000 , 300
D , 91 , -1092 , -121 , 353 , 67 , 185 , -1000 , 300
D , 92 , -1021 , 101 , 425 , 4 , 103 , -1000 , 300
D , 93 , -937 , 278 , -1 , -76 , 25 , -1000 , 300
D , 94 , -874 , 419 , -274 , -147 , -46 , -1000 , 300
D , 95 , -814 , 532 , -264 , -231 , -142 , -1000 , 300
D , 96 , -756 , 623 , -7 , -317 , -235 , -1000 , 300
D , 97 , -698 , 707 , 264 , -363 , -314 , -1000 , 300
D , 98 , -634 , 807 , 374 , -484 , -384 , -1000 , 300
D , 99 , -558 , 931 , 296 , -531 , -440 , -1000 , 300
T , 100 , -464 , 1098 , 31 , -600 , -500 , -1000 , 300
D , 101 , -351 , 1284 , -250 , -646 , -553 , -1000 , 300
D , 102 , -197 , 1471 , -286 , -693 , -606 , -924 , 300
D , 103 , -68 , 1642 , -68 , -748 , -654 , -814 , 300
D , 104 , 61 , 1789 , 55 , -776 , -692 , -671 , 300
D , 105 , 189 , 1909 , 158 , -813 , -743 , -585 , 300
D , 106 , 318 , 2011 , 51 , -848 , -794 , -513 , 300
D , 107 , 444 , 2091 , -90 , -893 , -841 , -473 , 300
D , 108 , 567 , 2147 , -110 , -929 , -875 , -420 , 300
D , 109 , 683 , 2168 , -145 , -950 , -905 , -376 , 300
D , 110 , 787 , 2147 , 9 , -965 , -926 , -359 , 300
D , 111 , 878 , 2075 , 163 , -987 , -943 , -402 , 300
D , 112 , 968 , 1976 , 181 , -995 , -946 , -425 , 300
D , 113 , 1028 , 1860 , 54 , -996 , -952 , -489 , 300
D , 114 , 1080 , 1739 , -46 , -1000 , -958 , -567 , 300
D , 115 , 1125 , 1620 , -125 , -992 , -946 , -598 , 300
D , 116 , 1169 , 1516 , 58 , -980 , -950 , -647 , 300
D , 117 , 1213 , 1435 , 133 , -971 , -946 , -672 , 300
D , 118 , 1265 , 1386 , 23 , -962 , -939 , -651 , 300
D , 119 , 1324 , 1375 , -99 , -949 , -928 , -576 , 300
D , 120 , 1397 , 1415 , -81 , -931 , -916 , -436 , 300
D , 121 , 1508 , 1493 , 28 , -919 , -908 , -231 , 300
D , 122 , 1609 , 1581 , 75 , -906 , -890 , -9 , 300
D , 123 , 1714 , 1666 , 88 , -884 , -880 , 199 , 300
D , 124 , 1818 , 1728 , 45 , -868 , -869 , 389 , 300
D , 125 , 1913 , 1747 , -29 , -844 , -848 , 568 , 300
D , 126 , 1990 , 1693 , -106 , -815 , -818 , 684 , 300
D , 127 , 2035 , 1541 , -46 , -769 , -785 , 711 , 300
D , 128 , 2041 , 1291 , 72 , -720 , -742 , 635 , 300
D , 129 , 2003 , 948 , 120 , -675 , -692 , 434 , 300
D , 130 , 1927 , 539 , -10 , -632 , -642 , 137 , 300
D , 131 , 1800 , 144 , -113 , -577 , -596 , -190 , 300
D , 132 , 1689 , -199 , -74 , -528 , -543 , -451 , 300
D , 133 , 1583 , -469 , 42 , -487 , -494 , -663 , 300
D , 134 , 1490 , -662 , 124 , -445 , -446 , -793 , 300
D , 135 , 1414 , -766 , 66 , -403 , -405 , -839 , 300
D , 136 , 1365 , -760 , -15 , -380 , -366 , -795 , 300
D , 137 , 1354 , -644 , -6 , -354 , -339 , -630 , 300
D , 138 , 1383 , -419 , 20 , -336 , -325 , -362 , 300
D , 139 , 1451 , -128 , 24 , -319 , -311 , 0 , 300
D , 140 , 1573 , 202 , 16 , -301 , -291 , 470 , 300
D , 141 , 1682 , 498 , 15 , -284 , -270 , 893 , 300
D , 142 , 1792 , 747 , 19 , -272 , -263 , 1000 , 300
D , 143 , 1891 , 906 , -46 , -252 , -246 , 1000 , 300
D , 144 , 1961 , 942 , -167 , -222 , -220 , 1000 , 300
D , 145 , 1990 , 846 , -229 , -185 , -186 , 1000 , 300
D , 146 , 1979 , 647 , -225 , -159 , -153 , 1000 , 300
D , 147 , 1934 , 393 , -148 , -109 , -102 , 1000 , 300
D , 148 , 1865 , 111 , -15 , -109 , -102 , 1000 , 300
D , 149 , 1777 , -190 , 47 , -85 , -77 , 976 , 300
D , 150 , 1648 , -477 , 123 , -60 , -57 , 665 , 300
D , 151 , 1540 , -727 , 116 , -38 , -33 , 409 , 300
D , 152 , 1436 , -913 , 85 , -21 , -15 , 199 , 300
D , 153 , 1343 , -1041 , 18 , 14 , 0 , 77 , 300
D , 154 , 1265 , -1104 , -71 , 33 , 11 , -8 , 300
D , 155 , 1201 , -1119 , -120 , 47 , 29 , -33 , 300
D , 156 , 1151 , -1091 , -69 , 70 , 43 , 0 , 300
D , 157 , 1116 , -1024 , 45 , 95 , 68 , 101 , 300
D , 158 , 1095 , -916 , 104 , 127 , 96 , 269 , 300
D , 159 , 1086 , -786 , 21 , 157 , 122 , 462 , 300
D , 160 , 1092 , -646 , -65 , 177 , 149 , 662 , 300
D , 161 , 1106 , -507 , -79 , 203 , 179 , 886 , 300
D , 162 , 1124 , -380 , -36 , 235 , 211 , 1000 , 300
D , 163 , 1138 , -300 , 21 , 258 , 246 , 1000 , 300
D , 164 , 1132 , -304 , 25 , 283 , 271 , 1000 , 300
D , 165 , 1095 , -409 , 18 , 297 , 296 , 1000 , 300
D , 166 , 1023 , -597 , -45 , 321 , 316 , 1000 , 300
D , 167 , 924 , -826 , -180 , 338 , 338 , 898 , 300
D , 168 , 811 , -1042 , -103 , 362 , 356 , 667 , 300
D , 169 , 671 , -1214 , -18 , 382 , 376 , 442 , 300
D , 170 , 565 , -1337 , 56 , 399 , 389 , 281 , 300
D , 171 , 470 , -1412 , 110 , 409 , 405 , 169 , 300
D , 172 , 387 , -1441 , 140 , 416 , 418 , 100 , 300
D , 173 , 315 , -1434 , 44 , 411 , 430 , 55 , 300
D , 174 , 254 , -1397 , -70 , 417 , 447 , 69 , 300
D , 175 , 205 , -1328 , -96 , 418 , 451 , 94 , 300
D , 176 , 170 , -1222 , -24 , 423 , 462 , 183 , 300
D , 177 , 152 , -1078 , 47 , 425 , 461 , 297 , 300
D , 178 , 157 , -885 , 10 , 426 , 468 , 489 , 300
D , 179 , 179 , -683 , -30 , 426 , 470 , 698 , 300
D , 180 , 209 , -490 , -53 , 436 , 472 , 920 , 300
D , 181 , 242 , -324 , -64 , 436 , 466 , 1000 , 300
D , 182 , 268 , -223 , -69 , 443 , 471 , 1000 , 300
D , 183 , 268 , -228 , 12 , 465 , 480 , 1000 , 300
D , 184 , 230 , -352 , 117 , 477 , 490 , 1000 , 300
D , 185 , 155 , -554 , -1 , 489 , 501 , 974 , 300
D , 186 , 54 , -792 , -165 , 493 , 505 , 683 , 300
D , 187 , -59 , -1021 , -118 , 499 , 518 , 405 , 300
D , 188 , -205 , -1211 , -29 , 504 , 528 , 123 , 300
D , 189 , -316 , -1356 , 49 , 513 , 531 , -83 , 300
D , 190 , -416 , -1442 , 184 , 520 , 543 , -217 , 300
D , 191 , -500 , -1456 , 229 , 523 , 544 , -299 , 300
D , 192 , -560 , -1392 , 173 , 519 , 533 , -316 , 300
D , 193 , -586 , -1232 , 31 , 509 , 518 , -235 , 300
D , 194 , -580 , -1005 , -44 , 493 , 499 , -79 , 300
D , 195 , -543 , -724 , -98 , 486 , 482 , 175 , 300
D , 196 , -484 , -428 , -3 , 470 , 461 , 442 , 300
D , 197 , -391 , -140 , 40 , 458 , 448 , 757 , 300
D , 198 , -312 , 110 , 68 , 446 , 435 , 1000 , 300
D , 199 , -238 , 302 , 18 , 433 , 423 , 1000 , 300
D , 200 , -175 , 423 , -70 , 424 , 411 , 1000 , 300
D , 201 , -139 , 424 , -119 , 415 , 411 , 1000 , 300
D , 202 , -145 , 296 , -52 , 433 , 423 , 1000 , 300
D , 203 , -194 , 69 , -8 , 405 , 423 , 1000 , 300
D , 204 , -276 , -204 , 59 , 408 , 428 , 758 , 300
D , 205 , -371 , -455 , 107 , 409 , 436 , 466 , 300
D , 206 , -468 , -665 , 43 , 414 , 442 , 214 , 300
D , 207 , -581 , -827 , -46 , 414 , 443 , -31 , 300
D , 208 , -667 , -957 , -64 , 413 , 440 , -227 , 300
D , 209 , -746 , -1039 , 0 , 406 , 434 , -388 , 300
D , 210 , -809 , -1054 , 42 , 397 , 423 , -485 , 300
D , 211 , -848 , -982 , 93 , 384 , 396 , -520 , 300
D , 212 , -849 , -797 , 127 , 375 , 383 , -385 , 300
D , 213 , -803 , -494 , 86 , 368 , 370 , -99 , 300
D , 214 , -711 , -117 , -12 , 359 , 357 , 293 , 300
D , 215 , -593 , 264 , -104 , 343 , 342 , 706 , 300
D , 216 , -438 , 577 , -106 , 336 , 332 , 1000 , 300
D , 217 , -324 , 815 , -16 , 332 , 316 , 1000 , 300
D , 218 , -226 , 961 , 29 , 318 , 304 , 1000 , 300
D , 219 , -160 , 970 , -10 , 318 , 309 , 1000 , 300
D , 220 , -140 , 838 , -55 , 327 , 327 , 1000 , 300
D , 221 , -166 , 597 , -57 , 347 , 323 , 1000 , 300
D , 222 , -228 , 306 , 54 , 333 , 342 , 1000 , 300
D , 223 , -307 , 20 , 75 , 360 , 350 , 869 , 300
D , 224 , -390 , -225 , 81 , 358 , 354 , 584 , 300
D , 225 , -471 , -428 , -36 , 356 , 314 , 271 , 300
D , 226 , -569 , -592 , -110 , 352 , 311 , 25 , 300
D , 227 , -642 , -712 , -109 , 348 , 308 , -152 , 300
D , 228 , -707 , -792 , -17 , 342 , 329 , -257 , 300
D , 229 , -763 , -833 , 14 , 333 , 325 , -360 , 300
D , 230 , -809 , -834 , 15 , 324 , 319 , -421 , 300
D , 231 , -839 , -779 , 35 , 322 , 305 , -425 , 300
D , 232 , -842 , -643 , 89 , 316 , 302 , -320 , 300
D , 233 , -809 , -410 , 107 , 313 , 303 , -82 , 300
D , 234 , -738 , -104 , 20 , 316 , 304 , 262 , 300
D , 235 , -612 , 222 , -35 , 310 , 307 , 677 , 300
D , 236 , -502 , 513 , -19 , 313 , 309 , 1000 , 300
D , 237 , -398 , 739 , 54 , 313 , 318 , 1000 , 300
D , 238 , -305 , 886 , 110 , 320 , 326 , 1000 , 300
D , 239 , -239 , 914 , 31 , 323 , 317 , 1000 , 300
D , 240 , -214 , 802 , -101 , 324 , 314 , 1000 , 300
D , 241 , -235 , 581 , -160 , 323 , 314 , 1000 , 300
D , 242 , -293 , 300 , 37 , 326 , 289 , 1000 , 300
D , 243 , -369 , 18 , 125 , 322 , 285 , 781 , 300
D , 244 , -469 , -177 , -249 , 321 , 279 , 507 , 300
D , 245 , -503 , -232 , -627 , 314 , 308 , 467 , 300
D , 246 , -552 , -369 , -574 , 319 , 292 , 292 , 300
D , 247 , -616 , -508 , -524 , 326 , 277 , 107 , 300
D , 248 , -683 , -638 , -465 , 335 , 255 , -80 , 300
D , 249 , -709 , -516 , 230 , 344 , 269 , 39 , 300
D , 250 , -679 , -318 , -24 , 334 , 260 , 220 , 300
D , 251 , -616 , -76 , -116 , 320 , 270 , 493 , 300
D , 252 , -565 , 40 , 217 , 317 , 255 , 624 , 300
D , 253 , -555 , 26 , 249 , 317 , 248 , 615 , 300
D , 254 , -598 , -123 , 35 , 324 , 250 , 460 , 300
D , 255 , -662 , -312 , -102 , 359 , 262 , 304 , 300
D , 256 , -714 , -379 , -390 , 374 , 279 , 245 , 300
D , 257 , -747 , -433 , -69 , 377 , 306 , 212 , 300
D , 258 , -794 , -525 , 369 , 390 , 314 , 117 , 300
D , 259 , -854 , -622 , 247 , 399 , 326 , 2 , 300
D , 260 , -910 , -714 , -124 , 400 , 324 , -134 , 300
D , 261 , -986 , -857 , -239 , 390 , 329 , -345 , 300
D , 262 , -1073 , -977 , 11 , 376 , 317 , -580 , 300
D , 263 , -1143 , -1025 , 93 , 356 , 292 , -764 , 300
D , 264 , -1225 , -1080 , 98 , 331 , 269 , -967 , 300
D , 265 , -1289 , -1113 , 5 , 308 , 243 , -1000 , 300
D , 266 , -1347 , -1106 , -86 , 268 , 225 , -1000 , 300
D , 267 , -1384 , -1019 , -186 , 223 , 198 , -1000 , 300
D , 268 , -1382 , -824 , -110 , 169 , 149 , -1000 , 300
D , 269 , -1341 , -548 , 6 , 109 , 89 , -1000 , 300
D , 270 , -1271 , -243 , 28 , 71 , 32 , -1000 , 300
D , 271 , -1189 , 36 , -53 , 33 , -7 , -872 , 300
D , 272 , -1107 , 260 , -90 , -7 , -32 , -697 , 300
D , 273 , -1010 , 453 , 11 , -46 , -56 , -536 , 300
D , 274 , -933 , 616 , 114 , -99 , -98 , -468 , 300
D , 275 , -854 , 761 , 114 , -159 , -146 , -432 , 300
D , 276 , -774 , 890 , 49 , -209 , -192 , -391 , 300
D , 277 , -694 , 996 , -80 , -250 , -242 , -365 , 300
D , 278 , -616 , 1077 , -89 , -291 , -280 , -342 , 300
D , 279 , -543 , 1130 , -57 , -334 , -315 , -346 , 300
D , 280 , -479 , 1152 , -2 , -377 , -354 , -396 , 300
D , 281 , -420 , 1151 , -4 , -417 , -397 , -471 , 300
D , 282 , -366 , 1135 , 14 , -449 , -425 , -530 , 300
D , 283 , -305 , 1106 , 32 , -478 , -456 , -591 , 300
D , 284 , -264 , 1065 , 18 , -504 , -488 , -680 , 300
D , 285 , -226 , 1023 , -16 , -531 , -516 , -769 , 300
D , 286 , -187 , 995 , -16 , -555 , -538 , -834 , 300
D , 287 , -144 , 986 , -16 , -572 , -561 , -866 , 300
D , 288 , -92 , 1010 , -15 , -586 , -579 , -850 , 300
D , 289 , -25 , 1086 , -22 , -599 , -590 , -764 , 300
D , 290 , 63 , 1215 , 16 , -606 , -588 , -579 , 300
D , 291 , 171 , 1377 , -54 , -608 , -603 , -364 , 300
D , 292 , 322 , 1543 , -111 , -617 , -614 , -106 , 300
D , 293 , 446 , 1684 , -69 , -625 , -627 , 101 , 300
D , 294 , 567 , 1793 , -49 , -626 , -633 , 299 , 300
D , 295 , 681 , 1857 , -98 , -634 , -643 , 432 , 300
D , 296 , 777 , 1840 , -171 , -635 , -649 , 492 , 300
D , 297 , 837 , 1707 , -108 , -619 , -655 , 449 , 300
D , 298 , 851 , 1455 , 69 , -602 , -639 , 288 , 300
D , 299 , 821 , 1113 , 153 , -572 , -621 , 31 , 300
S, 5 , 450 , 7410 , 1 , 1 , 849 , 671 , 444 , 1909 , 290
D , 0 , 47 , -137 , 48 , 655 , 682 , 721 , 405
D , 1 , 3 , -219 , 137 , 655 , 684 , 604 , 405
D , 2 , -31 , -289 , 31 , 661 , 682 , 509 , 406
D , 3 , -61 , -331 , -176 , 655 , 680 , 426 , 407
D , 4 , -89 , -364 , -146 , 663 , 681 , 379 , 408
D , 5 , -116 , -391 , 63 , 672 , 693 , 355 , 408
D , 6 , -140 , -400 , 182 , 675 , 714 , 355 , 409
D , 7 , -161 , -400 , 223 , 696 , 735 , 394 , 410
D , 8 , -178 , -388 , -81 , 713 , 765 , 455 , 411
D , 9 , -186 , -345 , -131 , 728 , 788 , 537 , 411
D , 10 , -183 , -260 , -70 , 736 , 799 , 642 , 412
D , 11 , -158 , -143 , 57 , 751 , 818 , 818 , 413
D , 12 , -125 , -20 , 156 , 772 , 828 , 1000 , 414
D , 13 , -86 , 101 , 115 , 788 , 829 , 1000 , 414
D , 14 , -43 , 212 , 12 , 790 , 823 , 1000 , 415
D , 15 , -4 , 283 , -9 , 792 , 818 , 1000 , 416
D , 16 , 15 , 274 , -29 , 795 , 809 , 1000 , 417
D , 17 , 8 , 178 , -88 , 801 , 806 , 1000 , 417
D , 18 , -28 , 21 , 49 , 801 , 815 , 1000 , 418
D , 19 , -83 , -161 , 107 , 809 , 822 , 958 , 419
D , 20 , -161 , -327 , 145 , 812 , 828 , 742 , 420
D , 21 , -223 , -454 , 34 , 817 , 829 , 572 , 420
D , 22 , -279 , -546 , -61 , 825 , 842 , 461 , 421
D , 23 , -328 , -605 , -160 , 833 , 843 , 368 , 422
D , 24 , -371 , -636 , -34 , 839 , 848 , 310 , 423
D , 25 , -408 , -646 , 93 , 842 , 848 , 264 , 423
D , 26 , -436 , -628 , 149 , 846 , 833 , 230 , 424
D , 27 , -452 , -566 , 154 , 835 , 825 , 237 , 425
D , 28 , -450 , -442 , -84 , 828 , 814 , 317 , 426
D , 29 , -429 , -277 , -136 , 826 , 805 , 464 , 426
D , 30 , -378 , -98 , -54 , 820 , 794 , 648 , 427
D , 31 , -320 , 93 , 70 , 809 , 786 , 845 , 428
D , 32 , -255 , 279 , 143 , 803 , 776 , 1000 , 429
D , 33 , -188 , 435 , 54 , 795 , 774 , 1000 , 429
D , 34 , -125 , 545 , -27 , 794 , 783 , 1000 , 430
D , 35 , -79 , 574 , -64 , 789 , 778 , 1000 , 431
D , 36 , -63 , 505 , 14 , 781 , 777 , 1000 , 432
D , 37 , -79 , 349 , -76 , 780 , 738 , 1000 , 432
D , 38 , -122 , 144 , -28 , 775 , 779 , 1000 , 433
D , 39 , -192 , -45 , -48 , 770 , 773 , 766 , 434
D , 40 , -248 , -195 , -13 , 765 , 768 , 559 , 435
D , 41 , -301 , -319 , -10 , 766 , 721 , 322 , 435
D , 42 , -350 , -412 , 2 , 760 , 715 , 168 , 436
D , 43 , -394 , -476 , 89 , 758 , 722 , 71 , 437
D , 44 , -429 , -496 , 34 , 755 , 776 , 90 , 438
D , 45 , -450 , -470 , 83 , 751 , 770 , 73 , 438
D , 46 , -450 , -378 , 41 , 742 , 774 , 143 , 439
D , 47 , -422 , -209 , -39 , 735 , 737 , 251 , 440
D , 48 , -365 , 40 , -51 , 731 , 729 , 510 , 441
D , 49 , -258 , 310 , -2 , 720 , 719 , 825 , 441
D , 50 , -159 , 567 , 36 , 715 , 724 , 1000 , 442
D , 51 , -58 , 778 , 172 , 707 , 716 , 1000 , 443
D , 52 , 40 , 945 , 126 , 698 , 708 , 1000 , 444
D , 53 , 124 , 1030 , -62 , 699 , 707 , 1000 , 444
D , 54 , 178 , 1006 , -209 , 703 , 695 , 1000 , 445
D , 55 , 200 , 895 , -14 , 707 , 701 , 1000 , 446
D , 56 , 194 , 724 , 13 , 713 , 709 , 1000 , 447
D , 57 , 171 , 538 , 105 , 718 , 748 , 1000 , 447
D , 58 , 131 , 366 , 102 , 721 , 697 , 1000 , 448
D , 59 , 97 , 211 , -5 , 719 , 696 , 1000 , 449
D , 60 , 64 , 86 , 8 , 722 , 688 , 909 , 450
D , 61 , 34 , -16 , 57 , 712 , 734 , 841 , 450
D , 62 , 4 , -101 , 201 , 715 , 729 , 732 , 450
D , 63 , -27 , -186 , 65 , 717 , 727 , 624 , 450
D , 64 , -63 , -263 , -10 , 723 , 676 , 451 , 450
D , 65 , -99 , -332 , -146 , 730 , 686 , 377 , 450
D , 66 , -136 , -388 , -89 , 739 , 695 , 317 , 450
D , 67 , -166 , -411 , -3 , 762 , 740 , 366 , 450
D , 68 , -196 , -413 , -3 , 777 , 761 , 386 , 450
D , 69 , -210 , -385 , 66 , 794 , 777 , 445 , 450
D , 70 , -211 , -316 , 61 , 816 , 798 , 568 , 450
D , 71 , -196 , -204 , 9 , 833 , 817 , 736 , 450
D , 72 , -164 , -68 , -24 , 850 , 835 , 941 , 450
D , 73 , -123 , 66 , 14 , 851 , 840 , 1000 , 450
D , 74 , -79 , 187 , 147 , 843 , 844 , 1000 , 450
D , 75 , -33 , 291 , 18 , 840 , 834 , 1000 , 450
D , 76 , 2 , 323 , -129 , 844 , 826 , 1000 , 450
D , 77 , 19 , 276 , -229 , 831 , 828 , 1000 , 450
D , 78 , 0 , 145 , -197 , 830 , 825 , 1000 , 450
D , 79 , -46 , -32 , 110 , 826 , 822 , 1000 , 450
D , 80 , -109 , -220 , 303 , 823 , 828 , 818 , 450
D , 81 , -174 , -376 , 274 , 833 , 830 , 630 , 450
D , 82 , -236 , -500 , -53 , 834 , 842 , 475 , 450
D , 83 , -293 , -590 , -257 , 837 , 844 , 343 , 450
D , 84 , -345 , -650 , -64 , 823 , 847 , 219 , 450
D , 85 , -388 , -673 , 27 , 824 , 854 , 164 , 450
D , 86 , -418 , -627 , -36 , 824 , 853 , 172 , 450
D , 87 , -425 , -524 , -44 , 810 , 850 , 227 , 450
D , 88 , -404 , -356 , -74 , 799 , 843 , 369 , 450
D , 89 , -353 , -133 , -62 , 791 , 841 , 602 , 450
D , 90 , -285 , 104 , 49 , 775 , 826 , 836 , 450
D , 91 , -206 , 324 , 174 , 772 , 820 , 1000 , 450
D , 92 , -125 , 515 , 161 , 764 , 810 , 1000 , 450
D , 93 , -49 , 649 , -58 , 764 , 804 , 1000 , 450
D , 94 , 11 , 710 , -155 , 769 , 806 , 1000 , 450
D , 95 , 46 , 650 , -123 , 737 , 818 , 1000 , 450
D , 96 , 44 , 510 , 15 , 771 , 825 , 1000 , 450
D , 97 , 16 , 342 , -8 , 737 , 820 , 1000 , 450
D , 98 , -24 , 170 , 2 , 740 , 832 , 1000 , 450
D , 99 , -66 , 22 , 168 , 747 , 840 , 978 , 450
D , 100 , -107 , -99 , 156 , 801 , 846 , 919 , 450
D , 101 , -145 , -196 , 33 , 750 , 848 , 719 , 450
D , 102 , -180 , -263 , -90 , 749 , 834 , 601 , 450
D , 103 , -212 , -318 , -159 , 743 , 836 , 513 , 450
D , 104 , -239 , -346 , -148 , 762 , 829 , 477 , 450
D , 105 , -264 , -369 , 101 , 771 , 823 , 436 , 450
D , 106 , -288 , -363 , 250 , 777 , 822 , 422 , 450
D , 107 , -302 , -343 , 233 , 788 , 828 , 451 , 450
D , 108 , -308 , -302 , 76 , 799 , 833 , 503 , 450
D , 109 , -307 , -248 , -76 , 814 , 839 , 583 , 450
D , 110 , -300 , -183 , -183 , 834 , 852 , 698 , 450
D , 111 , -284 , -102 , -122 , 833 , 857 , 791 , 450
D , 112 , -263 , -22 , 85 , 843 , 877 , 927 , 450
D , 113 , -236 , 66 , 42 , 851 , 891 , 1000 , 450
D , 114 , -203 , 154 , -13 , 853 , 892 , 1000 , 450
D , 115 , -167 , 205 , -33 , 890 , 892 , 1000 , 450
D , 116 , -151 , 198 , 13 , 855 , 883 , 1000 , 450
D , 117 , -157 , 125 , 77 , 895 , 889 , 1000 , 450
D , 118 , -187 , 0 , 51 , 894 , 881 , 1000 , 450
D , 119 , -236 , -155 , 6 , 894 , 881 , 924 , 450
D , 120 , -293 , -310 , -77 , 843 , 873 , 638 , 450
D , 121 , -352 , -437 , -69 , 894 , 871 , 539 , 450
D , 122 , -407 , -525 , -60 , 889 , 888 , 421 , 450
D , 123 , -454 , -582 , 26 , 891 , 881 , 313 , 450
D , 124 , -492 , -585 , 65 , 883 , 882 , 260 , 450
D , 125 , -525 , -568 , 104 , 872 , 886 , 230 , 450
D , 126 , -540 , -514 , 72 , 870 , 888 , 260 , 450
D , 127 , -537 , -408 , 16 , 865 , 881 , 338 , 450
D , 128 , -512 , -251 , 34 , 857 , 869 , 470 , 450
D , 129 , -465 , -56 , 84 , 845 , 864 , 665 , 450
D , 130 , -399 , 154 , 72 , 826 , 856 , 879 , 450
D , 131 , -327 , 351 , -79 , 827 , 848 , 1000 , 450
D , 132 , -253 , 515 , -273 , 823 , 828 , 1000 , 450
D , 133 , -181 , 636 , -227 , 809 , 819 , 1000 , 450
D , 134 , -109 , 682 , -8 , 805 , 817 , 1000 , 450
D , 135 , -78 , 649 , 123 , 807 , 820 , 1000 , 450
D , 136 , -73 , 546 , 155 , 806 , 835 , 1000 , 450
D , 137 , -93 , 384 , 28 , 813 , 844 , 1000 , 450
D , 138 , -127 , 215 , -106 , 812 , 854 , 1000 , 450
D , 139 , -169 , 62 , -43 , 811 , 853 , 1000 , 450
D , 140 , -210 , -65 , 61 , 814 , 854 , 869 , 450
D , 141 , -251 , -182 , 165 , 814 , 863 , 736 , 450
D , 142 , -293 , -277 , 5 , 824 , 844 , 596 , 450
D , 143 , -336 , -365 , 105 , 821 , 852 , 481 , 450
D , 144 , -389 , -427 , 106 , 830 , 854 , 387 , 450
D , 145 , -426 , -469 , -27 , 833 , 845 , 302 , 450
D , 146 , -453 , -473 , -107 , 828 , 846 , 263 , 450
D , 147 , -470 , -440 , 35 , 833 , 853 , 292 , 450
D , 148 , -476 , -375 , 164 , 843 , 862 , 371 , 450
D , 149 , -465 , -272 , 240 , 854 , 860 , 485 , 450
D , 150 , -437 , -136 , 115 , 863 , 858 , 644 , 450
D , 151 , -393 , 21 , -169 , 862 , 864 , 835 , 450
D , 152 , -339 , 184 , -139 , 861 , 876 , 1000 , 450
D , 153 , -280 , 334 , -36 , 867 , 879 , 1000 , 450
D , 154 , -206 , 453 , 40 , 868 , 878 , 1000 , 450
D , 155 , -154 , 526 , -125 , 864 , 869 , 1000 , 450
D , 156 , -125 , 502 , -314 , 867 , 851 , 1000 , 450
D , 157 , -127 , 392 , -183 , 858 , 841 , 1000 , 450
D , 158 , -154 , 247 , 124 , 857 , 835 , 1000 , 450
D , 159 , -191 , 94 , 344 , 857 , 840 , 1000 , 450
D , 160 , -230 , -25 , 219 , 854 , 837 , 917 , 450
D , 161 , -265 , -125 , -220 , 851 , 828 , 775 , 450
D , 162 , -297 , -201 , -284 , 844 , 834 , 673 , 450
D , 163 , -338 , -267 , -87 , 843 , 826 , 558 , 450
D , 164 , -371 , -333 , 114 , 837 , 823 , 451 , 450
D , 165 , -408 , -391 , 34 , 833 , 823 , 356 , 450
D , 166 , -442 , -432 , -11 , 836 , 823 , 288 , 450
D , 167 , -473 , -455 , -178 , 834 , 824 , 233 , 450
D , 168 , -496 , -446 , -91 , 827 , 828 , 211 , 450
D , 169 , -510 , -411 , 9 , 820 , 835 , 227 , 450
D , 170 , -511 , -337 , 80 , 822 , 845 , 309 , 450
D , 171 , -492 , -207 , 139 , 824 , 846 , 447 , 450
D , 172 , -450 , -11 , 28 , 826 , 841 , 657 , 450
D , 173 , -368 , 206 , -3 , 824 , 844 , 937 , 450
D , 174 , -291 , 405 , 19 , 821 , 843 , 1000 , 450
D , 175 , -213 , 575 , -29 , 811 , 841 , 1000 , 450
D , 176 , -139 , 701 , -27 , 793 , 831 , 1000 , 450
D , 177 , -76 , 762 , -53 , 791 , 819 , 1000 , 450
D , 178 , -39 , 725 , -106 , 785 , 815 , 1000 , 450
D , 179 , -36 , 595 , -39 , 781 , 806 , 1000 , 450
D , 180 , -64 , 402 , 51 , 774 , 802 , 1000 , 450
D , 181 , -111 , 199 , 75 , 777 , 806 , 1000 , 450
D , 182 , -172 , 32 , -70 , 777 , 805 , 865 , 450
D , 183 , -217 , -98 , -73 , 779 , 812 , 717 , 450
D , 184 , -256 , -194 , -16 , 780 , 820 , 606 , 450
D , 185 , -291 , -264 , -34 , 779 , 838 , 533 , 450
D , 186 , -323 , -316 , 100 , 792 , 832 , 464 , 450
D , 187 , -350 , -343 , 21 , 789 , 833 , 409 , 450
D , 188 , -370 , -341 , 54 , 799 , 833 , 404 , 450
D , 189 , -382 , -320 , -57 , 806 , 840 , 430 , 450
D , 190 , -386 , -281 , -33 , 812 , 840 , 469 , 450
D , 191 , -379 , -200 , 26 , 826 , 844 , 573 , 450
D , 192 , -354 , -97 , 156 , 829 , 853 , 708 , 450
D , 193 , -323 , 17 , 181 , 836 , 858 , 859 , 450
D , 194 , -285 , 132 , 34 , 848 , 862 , 1000 , 450
D , 195 , -242 , 246 , -103 , 854 , 864 , 1000 , 450
D , 196 , -195 , 342 , -165 , 868 , 878 , 1000 , 450
D , 197 , -160 , 376 , -182 , 876 , 884 , 1000 , 450
D , 198 , -146 , 334 , -22 , 880 , 884 , 1000 , 450
D , 199 , -160 , 219 , -48 , 884 , 880 , 1000 , 450
D , 200 , -194 , 63 , 50 , 895 , 892 , 1000 , 450
D , 201 , -253 , -87 , 21 , 895 , 886 , 973 , 450
D , 202 , -302 , -221 , 53 , 897 , 886 , 807 , 450
D , 203 , -350 , -326 , -76 , 902 , 879 , 662 , 450
D , 204 , -395 , -408 , -66 , 902 , 878 , 540 , 450
D , 205 , -435 , -463 , 36 , 904 , 855 , 418 , 450
D , 206 , -471 , -497 , 22 , 893 , 867 , 352 , 450
D , 207 , -499 , -499 , -50 , 893 , 868 , 321 , 450
D , 208 , -520 , -479 , -8 , 885 , 861 , 294 , 450
D , 209 , -531 , -432 , 157 , 879 , 859 , 311 , 450
D , 210 , -533 , -353 , 237 , 869 , 858 , 361 , 450
D , 211 , -518 , -250 , 200 , 857 , 860 , 452 , 450
D , 212 , -492 , -122 , -57 , 859 , 857 , 590 , 450
D , 213 , -454 , 19 , -224 , 854 , 857 , 747 , 450
D , 214 , -406 , 160 , -168 , 845 , 853 , 901 , 450
D , 215 , -352 , 301 , 0 , 841 , 853 , 1000 , 450
D , 216 , -296 , 425 , 214 , 838 , 846 , 1000 , 450
D , 217 , -241 , 520 , 146 , 827 , 845 , 1000 , 450
D , 218 , -199 , 547 , -116 , 830 , 848 , 1000 , 450
D , 219 , -182 , 464 , -217 , 827 , 845 , 1000 , 450
D , 220 , -198 , 324 , -74 , 821 , 835 , 1000 , 450
D , 221 , -233 , 169 , -88 , 770 , 847 , 972 , 450
D , 222 , -276 , 12 , -20 , 769 , 853 , 797 , 450
D , 223 , -319 , -121 , -49 , 812 , 853 , 698 , 450
D , 224 , -363 , -226 , 15 , 812 , 850 , 556 , 450
D , 225 , -404 , -314 , 157 , 766 , 863 , 386 , 450
D , 226 , -443 , -375 , 205 , 771 , 858 , 292 , 450
D , 227 , -477 , -420 , 86 , 776 , 856 , 220 , 450
D , 228 , -507 , -438 , 90 , 787 , 864 , 201 , 450
D , 229 , -527 , -405 , -22 , 792 , 858 , 206 , 450
D , 230 , -529 , -321 , 5 , 790 , 847 , 258 , 450
D , 231 , -503 , -167 , 34 , 795 , 806 , 365 , 450
D , 232 , -448 , 40 , 19 , 788 , 834 , 637 , 450
D , 233 , -373 , 272 , 66 , 789 , 822 , 903 , 450
D , 234 , -288 , 491 , 28 , 785 , 822 , 1000 , 450
D , 235 , -198 , 683 , 8 , 783 , 814 , 1000 , 450
D , 236 , -114 , 820 , -60 , 774 , 813 , 1000 , 450
D , 237 , -46 , 873 , -108 , 773 , 779 , 1000 , 450
D , 238 , -8 , 802 , -83 , 765 , 807 , 1000 , 450
D , 239 , -7 , 651 , -98 , 758 , 813 , 1000 , 450
D , 240 , -32 , 466 , -111 , 755 , 816 , 1000 , 450
D , 241 , -69 , 283 , 30 , 802 , 800 , 1000 , 450
D , 242 , -105 , 135 , 112 , 798 , 793 , 1000 , 450
D , 243 , -142 , 13 , 74 , 754 , 746 , 759 , 450
D , 244 , -177 , -85 , -13 , 754 , 739 , 625 , 450
D , 245 , -209 , -163 , -95 , 802 , 731 , 583 , 450
D , 246 , -236 , -214 , -223 , 798 , 769 , 560 , 450
D , 247 , -252 , -121 , -708 , 795 , 748 , 588 , 450
D , 248 , -184 , 167 , -811 , 788 , 736 , 884 , 450
D , 249 , -96 , 312 , -435 , 788 , 694 , 1000 , 450
D , 250 , -54 , 383 , -259 , 806 , 703 , 1000 , 450
D , 251 , -13 , 437 , -553 , 826 , 760 , 1000 , 450
D , 252 , 22 , 488 , -573 , 843 , 752 , 1000 , 450
D , 253 , 56 , 502 , -400 , 859 , 749 , 1000 , 450
D , 254 , 80 , 492 , -228 , 873 , 740 , 1000 , 450
D , 255 , 90 , 442 , -237 , 899 , 757 , 1000 , 450
D , 256 , 106 , 448 , -445 , 919 , 775 , 1000 , 450
D , 257 , 184 , 878 , 180 , 930 , 816 , 1000 , 450
T , 258 , 412 , 1322 , 222 , 918 , 780 , 1000 , 450
D , 259 , 595 , 1609 , -151 , 925 , 773 , 1000 , 450
D , 260 , 749 , 1830 , -391 , 944 , 770 , 1000 , 450
D , 261 , 923 , 2140 , -305 , 982 , 791 , 1000 , 450
D , 262 , 1135 , 2491 , -326 , 990 , 793 , 1000 , 450
D , 263 , 1236 , 2345 , -510 , 977 , 839 , 1000 , 450
D , 264 , 1267 , 2013 , -447 , 934 , 830 , 1000 , 450
D , 265 , 1245 , 1638 , 32 , 932 , 836 , 1000 , 450
D , 266 , 1179 , 1151 , 1377 , 930 , 776 , 1000 , 450
D , 267 , 1073 , 570 , 1640 , 930 , 809 , 1000 , 450
D , 268 , 857 , -72 , 397 , 935 , 822 , 1000 , 450
D , 269 , 666 , -582 , -214 , 934 , 871 , 1000 , 450
D , 270 , 492 , -1055 , -788 , 928 , 865 , 1000 , 450
D , 271 , 287 , -1529 , -578 , 904 , 859 , 1000 , 450
D , 272 , 66 , -1963 , -237 , 907 , 870 , 1000 , 450
D , 273 , -89 , -1944 , -939 , 929 , 897 , 1000 , 450
D , 274 , -149 , -1839 , -869 , 920 , 917 , 1000 , 450
D , 275 , -210 , -1775 , -846 , 896 , 914 , 1000 , 450
D , 276 , -288 , -1824 , -550 , 891 , 901 , 1000 , 450
D , 277 , -421 , -1868 , 5 , 892 , 902 , 985 , 450
D , 278 , -513 , -1850 , 760 , 903 , 931 , 984 , 450
D , 279 , -603 , -1860 , 1016 , 898 , 964 , 947 , 450
D , 280 , -697 , -1875 , 1008 , 896 , 987 , 891 , 450
D , 281 , -800 , -1931 , 1049 , 879 , 975 , 712 , 450
D , 282 , -937 , -2106 , 110 , 882 , 954 , 405 , 450
D , 283 , -1120 , -2412 , -798 , 869 , 946 , -73 , 450
D , 284 , -1371 , -2878 , -598 , 892 , 952 , -688 , 450
D , 285 , -1677 , -3391 , 133 , 881 , 952 , -1000 , 450
D , 286 , -2002 , -3865 , 698 , 870 , 956 , -1000 , 450
D , 287 , -2394 , -4192 , 611 , 861 , 936 , -1000 , 450
D , 288 , -2678 , -4400 , 661 , 838 , 908 , -1000 , 450
D , 289 , -2934 , -4506 , 547 , 805 , 856 , -1000 , 450
D , 290 , -3177 , -4535 , 237 , 757 , 804 , -1000 , 450
D , 291 , -3377 , -4447 , -111 , 700 , 753 , -1000 , 450
D , 292 , -3559 , -4327 , -154 , 635 , 691 , -1000 , 450
D , 293 , -3737 , -4227 , 327 , 548 , 636 , -1000 , 450
D , 294 , -3910 , -4124 , 159 , 507 , 585 , -1000 , 450
D , 295 , -4078 , -3996 , -627 , 464 , 536 , -1000 , 450
D , 296 , -4243 , -3742 , -622 , 403 , 482 , -1000 , 450
D , 297 , -4324 , -3406 , -4 , 340 , 421 , -1000 , 450
D , 298 , -4382 , -3087 , 622 , 282 , 333 , -1000 , 450
D , 299 , -4440 , -2812 , 699 , 227 , 234 , -1000 , 450
S, 6 , 600 , 7405 , 1 , 1 , 909 , 689 , 445 , 1647 , 365
D , 0 , -228 , -304 , 92 , 632 , 662 , 309 , 374
D , 1 , -250 , -305 , 166 , 637 , 659 , 285 , 375
D , 2 , -259 , -278 , 51 , 646 , 667 , 321 , 375
D , 3 , -259 , -227 , -67 , 661 , 677 , 402 , 376
D , 4 , -248 , -151 , -6 , 674 , 692 , 519 , 377
D , 5 , -224 , -49 , 104 , 684 , 708 , 670 , 378
D , 6 , -190 , 72 , 96 , 720 , 727 , 893 , 378
D , 7 , -148 , 194 , 91 , 720 , 727 , 1000 , 379
D , 8 , -98 , 318 , 47 , 733 , 742 , 1000 , 380
D , 9 , -34 , 415 , -75 , 740 , 755 , 1000 , 381
D , 10 , 1 , 436 , -147 , 746 , 761 , 1000 , 381
D , 11 , 11 , 373 , -220 , 749 , 763 , 1000 , 382
D , 12 , -7 , 236 , -81 , 759 , 769 , 1000 , 383
D , 13 , -46 , 65 , 214 , 761 , 771 , 1000 , 384
D , 14 , -97 , -97 , 240 , 767 , 780 , 976 , 384
D , 15 , -153 , -249 , 180 , 778 , 788 , 811 , 385
D , 16 , -208 , -372 , -2 , 776 , 793 , 647 , 386
D , 17 , -261 , -472 , -90 , 774 , 779 , 477 , 387
D , 18 , -311 , -547 , 49 , 774 , 777 , 353 , 387
D , 19 , -356 , -593 , 68 , 777 , 770 , 256 , 388
D , 20 , -405 , -608 , 8 , 770 , 777 , 188 , 389
D , 21 , -431 , -587 , -85 , 769 , 771 , 166 , 390
D , 22 , -447 , -535 , -23 , 770 , 772 , 195 , 390
D , 23 , -446 , -438 , 17 , 761 , 773 , 266 , 391
D , 24 , -427 , -299 , 8 , 757 , 773 , 400 , 392
D , 25 , -389 , -126 , 7 , 760 , 767 , 584 , 393
D , 26 , -334 , 76 , -29 , 752 , 759 , 793 , 393
D , 27 , -268 , 265 , -60 , 747 , 759 , 1000 , 394
D , 28 , -197 , 436 , -44 , 746 , 758 , 1000 , 395
D , 29 , -111 , 569 , -5 , 754 , 751 , 1000 , 396
D , 30 , -52 , 642 , 7 , 744 , 752 , 1000 , 396
D , 31 , -16 , 619 , 16 , 740 , 754 , 1000 , 397
D , 32 , -13 , 506 , 89 , 735 , 747 , 1000 , 398
D , 33 , -41 , 322 , 63 , 694 , 752 , 1000 , 399
D , 34 , -91 , 114 , 14 , 691 , 754 , 970 , 399
D , 35 , -147 , -67 , -81 , 731 , 752 , 806 , 400
D , 36 , -203 , -220 , -73 , 734 , 748 , 609 , 401
D , 37 , -256 , -334 , -151 , 689 , 754 , 392 , 402
D , 38 , -302 , -410 , 83 , 697 , 755 , 288 , 402
D , 39 , -348 , -443 , 394 , 694 , 774 , 232 , 403
D , 40 , -373 , -447 , 349 , 698 , 778 , 211 , 404
D , 41 , -388 , -406 , 63 , 705 , 791 , 258 , 405
D , 42 , -385 , -315 , -249 , 707 , 787 , 336 , 405
D , 43 , -360 , -176 , -220 , 710 , 776 , 469 , 406
D , 44 , -317 , -6 , 21 , 710 , 767 , 648 , 407
D , 45 , -258 , 178 , 161 , 708 , 772 , 874 , 408
D , 46 , -192 , 352 , 179 , 707 , 769 , 1000 , 408
D , 47 , -123 , 504 , -12 , 712 , 770 , 1000 , 409
D , 48 , -41 , 609 , -106 , 712 , 766 , 1000 , 410
D , 49 , 5 , 631 , -135 , 707 , 777 , 1000 , 411
D , 50 , 22 , 553 , -95 , 718 , 780 , 1000 , 411
D , 51 , 4 , 391 , 80 , 728 , 787 , 1000 , 412
D , 52 , -37 , 191 , 264 , 725 , 792 , 1000 , 413
D , 53 , -91 , -4 , 276 , 771 , 795 , 1000 , 414
D , 54 , -146 , -155 , 122 , 777 , 803 , 833 , 414
D , 55 , -195 , -271 , -22 , 739 , 805 , 623 , 415
D , 56 , -236 , -346 , 3 , 736 , 810 , 515 , 416
D , 57 , -280 , -383 , -22 , 787 , 809 , 509 , 417
D , 58 , -306 , -396 , 41 , 782 , 812 , 464 , 417
D , 59 , -324 , -385 , 100 , 781 , 794 , 424 , 418
D , 60 , -336 , -361 , -72 , 782 , 788 , 421 , 419
D , 61 , -342 , -320 , -81 , 779 , 779 , 430 , 420
D , 62 , -341 , -261 , -43 , 778 , 771 , 467 , 420
D , 63 , -332 , -185 , 133 , 778 , 780 , 555 , 421
D , 64 , -316 , -108 , 180 , 780 , 781 , 642 , 422
D , 65 , -294 , -23 , -145 , 787 , 783 , 750 , 423
D , 66 , -269 , 59 , -193 , 796 , 799 , 884 , 423
D , 67 , -233 , 137 , -89 , 799 , 805 , 1000 , 424
D , 68 , -203 , 202 , 47 , 805 , 811 , 1000 , 425
D , 69 , -178 , 230 , 138 , 804 , 817 , 1000 , 426
D , 70 , -170 , 200 , 6 , 804 , 824 , 1000 , 426
D , 71 , -184 , 107 , -69 , 799 , 827 , 1000 , 427
D , 72 , -220 , -51 , -101 , 807 , 836 , 899 , 428
D , 73 , -270 , -202 , -22 , 807 , 836 , 711 , 429
D , 74 , -326 , -348 , 128 , 807 , 828 , 510 , 429
D , 75 , -384 , -469 , 143 , 804 , 832 , 342 , 430
D , 76 , -440 , -562 , 154 , 809 , 835 , 211 , 431
D , 77 , -503 , -615 , -114 , 806 , 837 , 93 , 432
D , 78 , -541 , -622 , -260 , 806 , 846 , 57 , 432
D , 79 , -559 , -554 , -214 , 807 , 846 , 98 , 433
D , 80 , -547 , -399 , 64 , 800 , 839 , 222 , 434
D , 81 , -500 , -169 , 203 , 791 , 830 , 443 , 435
D , 82 , -424 , 101 , 55 , 780 , 825 , 733 , 435
D , 83 , -330 , 374 , -21 , 770 , 814 , 1000 , 436
D , 84 , -230 , 617 , -47 , 762 , 796 , 1000 , 437
D , 85 , -131 , 807 , -83 , 753 , 781 , 1000 , 438
D , 86 , -23 , 913 , -85 , 737 , 766 , 1000 , 438
D , 87 , 33 , 910 , 98 , 727 , 768 , 1000 , 439
D , 88 , 53 , 802 , 125 , 728 , 776 , 1000 , 440
D , 89 , 41 , 622 , 42 , 740 , 740 , 1000 , 441
D , 90 , 10 , 434 , -103 , 748 , 791 , 1000 , 441
D , 91 , -26 , 259 , -112 , 757 , 796 , 1000 , 442
D , 92 , -59 , 126 , 123 , 757 , 804 , 1000 , 443
D , 93 , -90 , 20 , 169 , 758 , 794 , 916 , 444
D , 94 , -117 , -52 , -37 , 763 , 796 , 832 , 444
D , 95 , -139 , -100 , -174 , 770 , 742 , 694 , 445
D , 96 , -162 , -132 , 2 , 771 , 738 , 635 , 446
D , 97 , -179 , -169 , 177 , 771 , 784 , 652 , 447
D , 98 , -200 , -210 , 233 , 772 , 774 , 577 , 447
D , 99 , -224 , -255 , 61 , 773 , 729 , 444 , 448
D , 100 , -252 , -300 , -109 , 791 , 741 , 418 , 449
D , 101 , -277 , -328 , -146 , 805 , 758 , 411 , 450
D , 102 , -299 , -343 , -103 , 823 , 780 , 432 , 450
D , 103 , -315 , -328 , -53 , 841 , 797 , 478 , 451
D , 104 , -318 , -280 , 34 , 871 , 856 , 583 , 452
D , 105 , -306 , -189 , 170 , 871 , 856 , 737 , 453
D , 106 , -280 , -70 , 164 , 889 , 876 , 924 , 453
D , 107 , -244 , 51 , 33 , 901 , 872 , 1000 , 454
D , 108 , -203 , 169 , -88 , 902 , 870 , 1000 , 455
D , 109 , -159 , 273 , -111 , 897 , 904 , 1000 , 456
D , 110 , -121 , 332 , 9 , 888 , 841 , 1000 , 456
D , 111 , -96 , 331 , -9 , 877 , 830 , 1000 , 457
D , 112 , -100 , 242 , -80 , 877 , 822 , 1000 , 458
D , 113 , -128 , 86 , -206 , 876 , 813 , 1000 , 459
D , 114 , -189 , -74 , -18 , 870 , 811 , 874 , 459
D , 115 , -242 , -219 , 117 , 862 , 865 , 758 , 460
D , 116 , -295 , -335 , 205 , 857 , 862 , 586 , 461
D , 117 , -344 , -430 , 190 , 863 , 819 , 393 , 462
D , 118 , -389 , -498 , -13 , 869 , 824 , 300 , 462
D , 119 , -429 , -536 , -39 , 879 , 881 , 323 , 463
D , 120 , -458 , -532 , -16 , 869 , 892 , 293 , 464
D , 121 , -474 , -480 , 2 , 862 , 898 , 319 , 465
D , 122 , -465 , -357 , -12 , 856 , 893 , 416 , 465
D , 123 , -436 , -180 , 7 , 849 , 893 , 588 , 466
D , 124 , -373 , 17 , 5 , 843 , 887 , 809 , 467
D , 125 , -310 , 202 , 0 , 840 , 872 , 1000 , 468
D , 126 , -242 , 376 , -83 , 838 , 864 , 1000 , 468
D , 127 , -174 , 519 , -188 , 830 , 866 , 1000 , 469
D , 128 , -112 , 610 , -149 , 823 , 859 , 1000 , 470
D , 129 , -70 , 620 , 160 , 824 , 853 , 1000 , 471
D , 130 , -55 , 536 , 348 , 835 , 861 , 1000 , 471
D , 131 , -70 , 388 , 149 , 844 , 874 , 1000 , 472
D , 132 , -103 , 221 , -211 , 845 , 878 , 1000 , 473
D , 133 , -157 , 62 , -160 , 851 , 899 , 1000 , 474
D , 134 , -200 , -66 , -17 , 848 , 894 , 916 , 474
D , 135 , -240 , -168 , 196 , 859 , 892 , 796 , 475
D , 136 , -274 , -235 , 55 , 862 , 895 , 707 , 476
D , 137 , -303 , -285 , 65 , 856 , 892 , 618 , 477
D , 138 , -327 , -310 , 40 , 856 , 892 , 568 , 477
D , 139 , -347 , -324 , 127 , 863 , 892 , 542 , 478
D , 140 , -365 , -324 , -54 , 864 , 881 , 505 , 479
D , 141 , -379 , -314 , -20 , 869 , 876 , 497 , 480
D , 142 , -389 , -288 , -95 , 874 , 878 , 517 , 480
D , 143 , -394 , -249 , 53 , 882 , 882 , 562 , 481
D , 144 , -391 , -196 , 46 , 894 , 889 , 637 , 482
D , 145 , -381 , -130 , 54 , 894 , 898 , 717 , 483
D , 146 , -364 , -58 , 21 , 899 , 905 , 813 , 483
D , 147 , -341 , 22 , -10 , 911 , 909 , 930 , 484
D , 148 , -314 , 103 , -22 , 924 , 919 , 1000 , 485
D , 149 , -285 , 168 , -137 , 924 , 925 , 1000 , 486
D , 150 , -263 , 199 , -48 , 918 , 929 , 1000 , 486
D , 151 , -256 , 171 , 160 , 920 , 920 , 1000 , 487
D , 152 , -273 , 84 , 212 , 917 , 919 , 1000 , 488
D , 153 , -304 , -31 , -29 , 911 , 911 , 911 , 489
D , 154 , -346 , -160 , -98 , 916 , 917 , 770 , 489
D , 155 , -393 , -272 , -34 , 905 , 913 , 597 , 490
D , 156 , -439 , -364 , 126 , 904 , 919 , 473 , 491
D , 157 , -483 , -441 , 164 , 852 , 918 , 277 , 492
D , 158 , -524 , -497 , -90 , 905 , 921 , 265 , 492
D , 159 , -562 , -530 , -225 , 897 , 915 , 174 , 493
D , 160 , -591 , -532 , -243 , 891 , 919 , 135 , 494
D , 161 , -607 , -460 , 56 , 885 , 923 , 175 , 495
D , 162 , -593 , -310 , 211 , 873 , 915 , 289 , 495
D , 163 , -542 , -77 , 134 , 826 , 903 , 456 , 496
D , 164 , -460 , 198 , -28 , 813 , 895 , 749 , 497
D , 165 , -360 , 476 , -62 , 808 , 887 , 1000 , 498
D , 166 , -256 , 711 , 30 , 820 , 874 , 1000 , 498
D , 167 , -154 , 900 , 47 , 779 , 860 , 1000 , 499
D , 168 , -64 , 1016 , -111 , 764 , 842 , 1000 , 500
D , 169 , -1 , 1017 , -102 , 753 , 828 , 1000 , 501
D , 170 , 22 , 895 , -51 , 753 , 828 , 1000 , 501
D , 171 , 2 , 684 , 23 , 745 , 828 , 1000 , 502
D , 172 , -32 , 473 , 10 , 739 , 821 , 1000 , 503
D , 173 , -67 , 312 , 35 , 740 , 828 , 1000 , 504
D , 174 , -95 , 192 , 141 , 739 , 830 , 903 , 504
D , 175 , -119 , 101 , -44 , 737 , 840 , 809 , 505
D , 176 , -140 , 32 , -95 , 743 , 832 , 721 , 506
D , 177 , -153 , -3 , -200 , 794 , 832 , 750 , 507
D , 178 , -162 , -25 , 68 , 734 , 827 , 622 , 507
D , 179 , -166 , -37 , 311 , 729 , 824 , 592 , 508
D , 180 , -172 , -50 , 168 , 739 , 817 , 577 , 509
D , 181 , -177 , -51 , -139 , 749 , 813 , 577 , 510
D , 182 , -180 , -53 , -200 , 763 , 822 , 605 , 510
D , 183 , -180 , -41 , -111 , 811 , 831 , 698 , 511
D , 184 , -179 , -26 , 55 , 824 , 839 , 742 , 512
D , 185 , -173 , 2 , 106 , 842 , 847 , 810 , 513
D , 186 , -162 , 30 , -46 , 831 , 862 , 850 , 513
D , 187 , -152 , 55 , -105 , 878 , 885 , 985 , 514
D , 188 , -143 , 72 , -102 , 895 , 908 , 1000 , 515
D , 189 , -136 , 78 , -15 , 916 , 927 , 1000 , 516
D , 190 , -136 , 52 , 14 , 926 , 930 , 1000 , 516
D , 191 , -149 , -2 , 200 , 933 , 928 , 1000 , 517
D , 192 , -172 , -84 , 175 , 940 , 942 , 1000 , 518
D , 193 , -206 , -181 , 16 , 944 , 934 , 880 , 519
D , 194 , -246 , -272 , -140 , 947 , 930 , 755 , 519
D , 195 , -287 , -351 , -19 , 953 , 937 , 659 , 520
D , 196 , -327 , -413 , 74 , 947 , 933 , 546 , 521
D , 197 , -363 , -456 , 90 , 946 , 938 , 473 , 522
D , 198 , -391 , -466 , -97 , 954 , 937 , 443 , 522
D , 199 , -413 , -452 , -104 , 958 , 946 , 448 , 523
D , 200 , -430 , -414 , 43 , 954 , 950 , 461 , 524
D , 201 , -435 , -362 , 174 , 948 , 958 , 496 , 525
D , 202 , -430 , -281 , 130 , 948 , 958 , 575 , 525
D , 203 , -413 , -185 , -10 , 943 , 960 , 670 , 526
D , 204 , -387 , -68 , -31 , 938 , 957 , 786 , 527
D , 205 , -350 , 58 , 21 , 925 , 961 , 920 , 528
D , 206 , -310 , 168 , 45 , 927 , 964 , 1000 , 528
D , 207 , -266 , 276 , -88 , 914 , 955 , 1000 , 529
D , 208 , -224 , 342 , -61 , 911 , 950 , 1000 , 530
D , 209 , -187 , 362 , 78 , 901 , 945 , 1000 , 531
D , 210 , -174 , 348 , -149 , 901 , 949 , 1000 , 531
D , 211 , -110 , 577 , -917 , 904 , 959 , 1000 , 532
D , 212 , -26 , 739 , -767 , 909 , 931 , 1000 , 533
D , 213 , 151 , 1320 , 990 , 905 , 927 , 1000 , 534
T , 214 , 392 , 1855 , 1556 , 889 , 929 , 1000 , 534
D , 215 , 657 , 2371 , -149 , 880 , 923 , 1000 , 534
D , 216 , 900 , 2603 , -547 , 887 , 895 , 1000 , 534
D , 217 , 974 , 2497 , -518 , 947 , 869 , 1000 , 534
D , 218 , 1020 , 2251 , -407 , 943 , 862 , 1000 , 534
D , 219 , 1078 , 2126 , -438 , 938 , 874 , 1000 , 534
D , 220 , 1143 , 1970 , 151 , 887 , 887 , 1000 , 534
D , 221 , 1162 , 1680 , 790 , 878 , 877 , 1000 , 534
D , 222 , 1120 , 1252 , 929 , 886 , 841 , 1000 , 534
D , 223 , 1007 , 660 , 51 , 892 , 840 , 1000 , 534
D , 224 , 832 , 4 , -396 , 892 , 836 , 1000 , 534
D , 225 , 614 , -636 , -312 , 897 , 834 , 1000 , 534
D , 226 , 427 , -1049 , 332 , 901 , 839 , 1000 , 534
D , 227 , 259 , -1400 , 427 , 910 , 863 , 1000 , 534
D , 228 , 44 , -1692 , 128 , 908 , 867 , 1000 , 534
D , 229 , -49 , -1594 , -277 , 922 , 859 , 1000 , 534
D , 230 , -97 , -1527 , -486 , 935 , 828 , 1000 , 534
D , 231 , -156 , -1490 , -304 , 942 , 829 , 1000 , 534
D , 232 , -194 , -1352 , 132 , 939 , 847 , 1000 , 534
D , 233 , -232 , -1285 , 227 , 909 , 886 , 1000 , 534
D , 234 , -280 , -1259 , 114 , 917 , 887 , 1000 , 534
D , 235 , -366 , -1373 , -22 , 923 , 879 , 1000 , 534
D , 236 , -493 , -1642 , -329 , 842 , 891 , 1000 , 534
D , 237 , -767 , -2184 , -117 , 842 , 891 , 313 , 534
D , 238 , -1084 , -2857 , 128 , 836 , 896 , -602 , 534
D , 239 , -1415 , -3338 , 1036 , 837 , 879 , -1000 , 534
D , 240 , -1629 , -3342 , 77 , 872 , 873 , -1000 , 534
D , 241 , -1745 , -3169 , -552 , 865 , 857 , -1000 , 534
D , 242 , -1848 , -3023 , -140 , 832 , 856 , -1000 , 534
D , 243 , -1948 , -2878 , -36 , 791 , 821 , -1000 , 534
D , 244 , -2045 , -2747 , -34 , 768 , 785 , -1000 , 534
D , 245 , -2133 , -2597 , -18 , 736 , 743 , -1000 , 534
D , 246 , -2215 , -2476 , -305 , 678 , 693 , -1000 , 534
D , 247 , -2318 , -2377 , -858 , 624 , 617 , -1000 , 534
D , 248 , -2413 , -2327 , -644 , 553 , 557 , -1000 , 534
D , 249 , -2516 , -2286 , -74 , 476 , 508 , -1000 , 534
D , 250 , -2606 , -2192 , 429 , 398 , 471 , -1000 , 534
D , 251 , -2663 , -2006 , 350 , 317 , 402 , -1000 , 534
D , 252 , -2690 , -1779 , -64 , 243 , 328 , -1000 , 534
D , 253 , -2704 , -1564 , -487 , 205 , 219 , -1000 , 534
D , 254 , -2716 , -1376 , -592 , 119 , 135 , -1000 , 534
D , 255 , -2731 , -1227 , -236 , 30 , 49 , -1000 , 534
D , 256 , -2761 , -1178 , -116 , -55 , -6 , -1000 , 534
D , 257 , -2827 , -1199 , -190 , -116 , -86 , -1000 , 534
D , 258 , -2891 , -1207 , -365 , -195 , -168 , -1000 , 534
D , 259 , -2941 , -1156 , -365 , -277 , -256 , -1000 , 534
D , 260 , -2968 , -1052 , -202 , -348 , -353 , -1000 , 534
D , 261 , -2984 , -936 , 53 , -426 , -429 , -1000 , 534
D , 262 , -2993 , -833 , 63 , -493 , -484 , -1000 , 534
D , 263 , -3003 , -738 , -8 , -545 , -541 , -1000 , 534
D , 264 , -3013 , -660 , -114 , -608 , -587 , -1000 , 534
D , 265 , -3019 , -582 , 30 , -666 , -628 , -1000 , 534
D , 266 , -3025 , -510 , 200 , -706 , -677 , -1000 , 534
D , 267 , -3029 , -453 , 103 , -741 , -712 , -1000 , 534
D , 268 , -3038 , -422 , -159 , -755 , -739 , -1000 , 534
D , 269 , -3051 , -408 , -228 , -809 , -801 , -1000 , 534
D , 270 , -3071 , -407 , -204 , -809 , -801 , -1000 , 534
D , 271 , -3086 , -388 , 37 , -838 , -830 , -1000 , 534
D , 272 , -3098 , -365 , 112 , -865 , -855 , -1000 , 534
D , 273 , -3104 , -333 , -56 , -890 , -879 , -1000 , 534
D , 274 , -3115 , -317 , -211 , -900 , -897 , -1000 , 534
D , 275 , -3130 , -335 , -176 , -918 , -917 , -1000 , 534
D , 276 , -3160 , -356 , -21 , -938 , -933 , -1000 , 534
D , 277 , -3183 , -373 , 128 , -962 , -944 , -1000 , 534
D , 278 , -3205 , -371 , 9 , -977 , -962 , -1000 , 534
D , 279 , -3222 , -375 , -194 , -993 , -988 , -1000 , 534
D , 280 , -3242 , -378 , -195 , -1006 , -1002 , -1000 , 534
D , 281 , -3270 , -420 , -102 , -1013 , -1008 , -1000 , 534
D , 282 , -3304 , -465 , 107 , -1025 , -1029 , -1000 , 534
D , 283 , -3344 , -519 , 35 , -1036 , -1037 , -1000 , 534
D , 284 , -3383 , -560 , -48 , -1046 , -1053 , -1000 , 534
D , 285 , -3432 , -592 , -137 , -1053 , -1070 , -1000 , 534
D , 286 , -3474 , -636 , -173 , -1055 , -1076 , -1000 , 534
D , 287 , -3518 , -674 , 51 , -1009 , -1087 , -1000 , 534
D , 288 , -3566 , -725 , 54 , -1078 , -1098 , -1000 , 534
D , 289 , -3618 , -784 , 88 , -1028 , -1104 , -1000 , 534
D , 290 , -3679 , -853 , -85 , -1027 , -1110 , -1000 , 534
D , 291 , -3746 , -936 , -124 , -1031 , -1061 , -1000 , 534
D , 292 , -3814 , -1000 , -18 , -1031 , -1118 , -1000 , 534
D , 293 , -3885 , -1068 , 100 , -1035 , -1121 , -1000 , 534
D , 294 , -3957 , -1151 , 114 , -1037 , -1124 , -1000 , 534
D , 295 , -4058 , -1231 , -153 , -1032 , -1127 , -1000 , 534
D , 296 , -4151 , -1332 , -196 , -1031 , -1121 , -1000 , 534
D , 297 , -4248 , -1432 , -144 , -1034 , -1072 , -1000 , 534
D , 298 , -4348 , -1522 , -109 , -1041 , -1128 , -1000 , 534
D , 299 , -4452 , -1615 , -11 , -1044 , -1116 , -1000 , 534
S, 7 , 750 , 7403 , 1 , 1 , 922 , 689 , 444 , 2002 , 260
D , 0 , -16 , -448 , -74 , 694 , 693 , 368 , 435
D , 1 , -44 , -460 , -25 , 700 , 694 , 335 , 435
D , 2 , -64 , -440 , -50 , 688 , 695 , 312 , 436
D , 3 , -80 , -407 , 20 , 688 , 687 , 310 , 437
D , 4 , -85 , -357 , 169 , 693 , 689 , 356 , 438
D , 5 , -85 , -296 , 97 , 709 , 702 , 450 , 438
D , 6 , -78 , -226 , -8 , 711 , 711 , 534 , 439
D , 7 , -61 , -135 , -42 , 718 , 717 , 647 , 440
D , 8 , -36 , -32 , -90 , 724 , 725 , 783 , 441
D , 9 , -4 , 72 , 9 , 725 , 730 , 915 , 441
D , 10 , 31 , 171 , 75 , 734 , 738 , 1000 , 442
D , 11 , 69 , 252 , -18 , 736 , 741 , 1000 , 443
D , 12 , 105 , 278 , -69 , 733 , 751 , 1000 , 444
D , 13 , 113 , 228 , -64 , 738 , 756 , 1000 , 444
D , 14 , 91 , 99 , -130 , 737 , 761 , 1000 , 445
D , 15 , 41 , -84 , -60 , 739 , 761 , 881 , 446
D , 16 , -23 , -276 , 30 , 734 , 754 , 625 , 447
D , 17 , -93 , -441 , 114 , 733 , 761 , 413 , 447
D , 18 , -161 , -574 , 76 , 733 , 768 , 232 , 448
D , 19 , -223 , -663 , 19 , 731 , 792 , 91 , 449
D , 20 , -275 , -706 , 59 , 731 , 792 , 24 , 450
D , 21 , -312 , -681 , 7 , 727 , 800 , 10 , 450
D , 22 , -331 , -594 , 42 , 734 , 800 , 74 , 451
D , 23 , -319 , -446 , 100 , 725 , 798 , 197 , 452
D , 24 , -281 , -244 , 63 , 718 , 775 , 366 , 453
D , 25 , -220 , -14 , 75 , 704 , 765 , 593 , 453
D , 26 , -140 , 239 , 23 , 696 , 754 , 868 , 454
D , 27 , -50 , 480 , 7 , 682 , 744 , 1000 , 455
D , 28 , 40 , 678 , 31 , 671 , 737 , 1000 , 456
D , 29 , 125 , 813 , 75 , 663 , 724 , 1000 , 456
D , 30 , 195 , 876 , -35 , 662 , 709 , 1000 , 457
D , 31 , 237 , 814 , -172 , 669 , 714 , 1000 , 458
D , 32 , 246 , 678 , -184 , 676 , 716 , 1000 , 459
D , 33 , 227 , 510 , 47 , 678 , 726 , 1000 , 459
D , 34 , 195 , 334 , 91 , 681 , 719 , 1000 , 460
D , 35 , 160 , 180 , -42 , 686 , 718 , 1000 , 461
D , 36 , 126 , 57 , -214 , 689 , 724 , 919 , 462
D , 37 , 92 , -51 , -69 , 695 , 717 , 784 , 462
D , 38 , 58 , -146 , 119 , 687 , 710 , 640 , 463
D , 39 , 19 , -242 , 165 , 692 , 706 , 514 , 464
D , 40 , -21 , -333 , 180 , 695 , 696 , 378 , 465
D , 41 , -76 , -412 , 34 , 708 , 693 , 263 , 465
D , 42 , -117 , -469 , -194 , 720 , 708 , 208 , 466
D , 43 , -151 , -491 , -244 , 733 , 716 , 181 , 467
D , 44 , -175 , -479 , -68 , 748 , 746 , 231 , 468
D , 45 , -183 , -408 , 70 , 760 , 757 , 317 , 468
D , 46 , -171 , -292 , 180 , 776 , 772 , 476 , 469
D , 47 , -137 , -129 , 155 , 792 , 783 , 691 , 470
D , 48 , -84 , 63 , -8 , 796 , 779 , 914 , 471
D , 49 , -18 , 251 , -115 , 808 , 784 , 1000 , 471
D , 50 , 49 , 413 , -57 , 807 , 798 , 1000 , 472
D , 51 , 133 , 546 , -45 , 800 , 788 , 1000 , 473
D , 52 , 188 , 604 , -75 , 795 , 776 , 1000 , 474
D , 53 , 212 , 546 , 3 , 789 , 771 , 1000 , 474
D , 54 , 201 , 395 , 103 , 789 , 771 , 1000 , 475
D , 55 , 158 , 195 , 166 , 783 , 764 , 1000 , 476
D , 56 , 103 , 0 , 50 , 781 , 757 , 986 , 477
D , 57 , 43 , -171 , -39 , 784 , 770 , 795 , 477
D , 58 , -12 , -308 , 45 , 785 , 765 , 608 , 478
D , 59 , -60 , -394 , 125 , 787 , 768 , 486 , 479
D , 60 , -113 , -456 , 37 , 780 , 772 , 368 , 480
D , 61 , -147 , -485 , -138 , 767 , 775 , 290 , 480
D , 62 , -175 , -486 , -80 , 758 , 769 , 234 , 481
D , 63 , -193 , -455 , 90 , 746 , 773 , 228 , 482
D , 64 , -197 , -388 , 163 , 741 , 773 , 272 , 483
D , 65 , -187 , -282 , 124 , 744 , 776 , 382 , 483
D , 66 , -156 , -131 , -55 , 736 , 774 , 529 , 484
D , 67 , -109 , 37 , -96 , 731 , 769 , 709 , 485
D , 68 , -50 , 213 , 64 , 737 , 781 , 950 , 486
D , 69 , 14 , 380 , 117 , 738 , 782 , 1000 , 486
D , 70 , 97 , 517 , 92 , 739 , 774 , 1000 , 487
D , 71 , 155 , 596 , -25 , 740 , 792 , 1000 , 488
D , 72 , 194 , 597 , -119 , 751 , 801 , 1000 , 489
D , 73 , 203 , 500 , -94 , 757 , 798 , 1000 , 489
D , 74 , 180 , 332 , 54 , 755 , 799 , 1000 , 490
D , 75 , 137 , 141 , 142 , 760 , 812 , 1000 , 491
D , 76 , 86 , -28 , 103 , 763 , 824 , 972 , 492
D , 77 , 34 , -170 , -153 , 767 , 815 , 783 , 492
D , 78 , -15 , -294 , -50 , 771 , 816 , 626 , 493
D , 79 , -75 , -382 , 184 , 770 , 817 , 484 , 494
D , 80 , -116 , -446 , 306 , 774 , 815 , 384 , 495
D , 81 , -152 , -476 , 22 , 787 , 814 , 335 , 495
D , 82 , -181 , -484 , -81 , 786 , 812 , 292 , 496
D , 83 , -200 , -460 , 0 , 789 , 816 , 299 , 497
D , 84 , -205 , -391 , 198 , 786 , 809 , 337 , 498
D , 85 , -196 , -289 , 241 , 788 , 808 , 435 , 498
D , 86 , -168 , -149 , 39 , 796 , 811 , 591 , 499
D , 87 , -126 , 9 , -33 , 796 , 811 , 783 , 500
D , 88 , -74 , 165 , 16 , 801 , 813 , 982 , 501
D , 89 , 0 , 324 , 154 , 796 , 815 , 1000 , 501
D , 90 , 61 , 455 , 231 , 802 , 827 , 1000 , 502
D , 91 , 114 , 530 , 4 , 812 , 814 , 1000 , 503
D , 92 , 144 , 509 , -294 , 811 , 818 , 1000 , 504
D , 93 , 144 , 402 , -309 , 817 , 813 , 1000 , 504
D , 94 , 118 , 246 , -161 , 778 , 817 , 1000 , 505
D , 95 , 79 , 92 , 82 , 816 , 811 , 1000 , 506
D , 96 , 37 , -43 , 220 , 824 , 807 , 927 , 507
D , 97 , -1 , -151 , 5 , 819 , 806 , 780 , 507
D , 98 , -38 , -227 , -157 , 771 , 815 , 614 , 508
D , 99 , -78 , -288 , -225 , 769 , 815 , 513 , 509
D , 100 , -107 , -327 , -168 , 777 , 804 , 441 , 510
D , 101 , -134 , -356 , 20 , 812 , 803 , 435 , 510
D , 102 , -157 , -369 , 211 , 770 , 799 , 328 , 511
D , 103 , -178 , -374 , 254 , 770 , 797 , 296 , 512
D , 104 , -192 , -353 , 119 , 775 , 800 , 309 , 513
D , 105 , -197 , -305 , -116 , 777 , 803 , 350 , 513
D , 106 , -192 , -235 , -200 , 778 , 811 , 429 , 514
D , 107 , -175 , -125 , 102 , 777 , 821 , 553 , 515
D , 108 , -136 , 5 , 206 , 774 , 823 , 706 , 516
D , 109 , -88 , 155 , 209 , 772 , 832 , 896 , 516
D , 110 , -31 , 304 , 62 , 774 , 839 , 1000 , 517
D , 111 , 26 , 433 , -112 , 768 , 841 , 1000 , 518
D , 112 , 83 , 531 , -95 , 756 , 830 , 1000 , 519
D , 113 , 129 , 574 , -41 , 743 , 832 , 1000 , 519
D , 114 , 154 , 533 , -39 , 783 , 787 , 1000 , 520
D , 115 , 150 , 413 , 71 , 738 , 831 , 1000 , 521
D , 116 , 118 , 237 , 6 , 734 , 830 , 1000 , 522
D , 117 , 68 , 47 , -88 , 722 , 822 , 861 , 522
D , 118 , -2 , -128 , -157 , 772 , 824 , 709 , 523
D , 119 , -56 , -261 , 52 , 779 , 827 , 547 , 524
D , 120 , -104 , -360 , 146 , 730 , 855 , 335 , 525
D , 121 , -146 , -427 , 180 , 730 , 855 , 271 , 525
D , 122 , -181 , -455 , 223 , 782 , 863 , 298 , 526
D , 123 , -205 , -447 , 59 , 791 , 866 , 293 , 527
D , 124 , -213 , -385 , -63 , 789 , 822 , 267 , 528
D , 125 , -197 , -259 , -123 , 789 , 822 , 393 , 528
D , 126 , -159 , -87 , 13 , 784 , 817 , 566 , 529
D , 127 , -85 , 122 , 45 , 783 , 838 , 856 , 530
D , 128 , -15 , 316 , 56 , 787 , 803 , 1000 , 531
D , 129 , 58 , 490 , 42 , 793 , 795 , 1000 , 531
D , 130 , 132 , 634 , -53 , 790 , 784 , 1000 , 532
D , 131 , 194 , 699 , -161 , 792 , 784 , 1000 , 533
D , 132 , 229 , 671 , -168 , 800 , 790 , 1000 , 534
D , 133 , 230 , 541 , -86 , 811 , 840 , 1000 , 534
D , 134 , 203 , 359 , 93 , 813 , 840 , 1000 , 535
D , 135 , 165 , 185 , 65 , 823 , 796 , 1000 , 536
D , 136 , 124 , 48 , 157 , 828 , 802 , 1000 , 537
D , 137 , 81 , -50 , 121 , 842 , 812 , 911 , 537
D , 138 , 52 , -121 , 70 , 843 , 805 , 806 , 538
D , 139 , 28 , -161 , -5 , 847 , 801 , 744 , 539
D , 140 , 9 , -194 , 0 , 842 , 846 , 753 , 540
D , 141 , -7 , -213 , -63 , 847 , 779 , 622 , 540
D , 142 , -23 , -234 , -70 , 843 , 774 , 571 , 541
D , 143 , -37 , -236 , -84 , 846 , 764 , 541 , 542
D , 144 , -51 , -246 , -17 , 855 , 808 , 596 , 543
D , 145 , -66 , -254 , 56 , 859 , 817 , 589 , 543
D , 146 , -85 , -258 , 57 , 872 , 819 , 586 , 544
D , 147 , -96 , -249 , 60 , 881 , 806 , 573 , 545
D , 148 , -102 , -221 , -40 , 889 , 853 , 672 , 546
D , 149 , -102 , -186 , -57 , 902 , 870 , 745 , 546
D , 150 , -96 , -133 , -80 , 907 , 888 , 830 , 547
D , 151 , -85 , -81 , 79 , 908 , 908 , 916 , 548
D , 152 , -71 , -23 , 201 , 919 , 922 , 1000 , 549
D , 153 , -57 , 12 , 109 , 918 , 939 , 1000 , 549
D , 154 , -53 , 11 , 48 , 918 , 939 , 1000 , 550
D , 155 , -60 , -41 , -68 , 922 , 940 , 1000 , 551
D , 156 , -92 , -129 , -111 , 916 , 939 , 915 , 552
D , 157 , -130 , -235 , -43 , 915 , 944 , 785 , 552
D , 158 , -177 , -346 , 87 , 912 , 948 , 637 , 553
D , 159 , -227 , -442 , 84 , 911 , 949 , 498 , 554
D , 160 , -279 , -528 , 33 , 917 , 961 , 393 , 555
D , 161 , -326 , -581 , -8 , 922 , 967 , 311 , 555
D , 162 , -366 , -608 , 28 , 926 , 961 , 238 , 556
D , 163 , -393 , -585 , -34 , 921 , 975 , 240 , 557
D , 164 , -402 , -506 , 27 , 912 , 981 , 293 , 558
D , 165 , -387 , -344 , -7 , 909 , 969 , 426 , 558
D , 166 , -331 , -125 , 92 , 899 , 966 , 654 , 559
D , 167 , -264 , 109 , 107 , 888 , 950 , 889 , 560
D , 168 , -183 , 336 , 48 , 884 , 935 , 1000 , 561
D , 169 , -98 , 543 , -35 , 870 , 926 , 1000 , 561
D , 170 , -14 , 702 , -181 , 855 , 908 , 1000 , 562
D , 171 , 55 , 784 , -218 , 858 , 890 , 1000 , 563
D , 172 , 97 , 754 , -13 , 853 , 873 , 1000 , 564
D , 173 , 106 , 638 , 47 , 859 , 866 , 1000 , 564
D , 174 , 93 , 493 , 109 , 857 , 864 , 1000 , 565
D , 175 , 62 , 353 , -95 , 850 , 869 , 1000 , 566
D , 176 , 37 , 226 , -15 , 855 , 860 , 1000 , 567
D , 177 , 12 , 123 , -134 , 859 , 854 , 987 , 567
D , 178 , -13 , 30 , -188 , 860 , 847 , 866 , 568
D , 179 , -39 , -52 , -125 , 856 , 840 , 748 , 569
D , 180 , -65 , -121 , 33 , 853 , 832 , 640 , 570
D , 181 , -92 , -185 , 110 , 845 , 823 , 529 , 570
D , 182 , -120 , -241 , 0 , 848 , 836 , 472 , 571
D , 183 , -148 , -284 , -144 , 846 , 827 , 386 , 572
D , 184 , -173 , -311 , -53 , 858 , 825 , 348 , 573
D , 185 , -198 , -319 , 96 , 869 , 847 , 327 , 573
D , 186 , -212 , -306 , 65 , 869 , 847 , 355 , 574
D , 187 , -217 , -264 , 96 , 881 , 865 , 429 , 575
D , 188 , -209 , -183 , -100 , 882 , 873 , 520 , 576
D , 189 , -183 , -65 , -136 , 885 , 878 , 660 , 576
D , 190 , -141 , 81 , -5 , 899 , 889 , 869 , 577
D , 191 , -86 , 242 , 124 , 893 , 893 , 1000 , 578
D , 192 , -25 , 393 , 147 , 887 , 899 , 1000 , 579
D , 193 , 54 , 524 , -144 , 867 , 894 , 1000 , 579
D , 194 , 109 , 599 , -239 , 856 , 881 , 1000 , 580
D , 195 , 146 , 591 , -32 , 848 , 870 , 1000 , 581
D , 196 , 157 , 509 , 107 , 840 , 873 , 1000 , 582
D , 197 , 144 , 372 , 240 , 827 , 870 , 1000 , 582
D , 198 , 112 , 215 , -36 , 824 , 872 , 1000 , 583
D , 199 , 71 , 57 , -98 , 825 , 886 , 941 , 584
D , 200 , 26 , -80 , -63 , 833 , 881 , 774 , 585
D , 201 , -18 , -195 , 160 , 832 , 887 , 631 , 585
D , 202 , -58 , -281 , 49 , 831 , 883 , 503 , 586
D , 203 , -92 , -329 , 65 , 836 , 896 , 450 , 587
D , 204 , -124 , -352 , -82 , 833 , 901 , 397 , 588
D , 205 , -144 , -353 , -72 , 837 , 901 , 377 , 588
D , 206 , -156 , -326 , 54 , 838 , 904 , 392 , 589
D , 207 , -157 , -265 , 239 , 836 , 901 , 435 , 590
D , 208 , -142 , -166 , 215 , 839 , 908 , 550 , 591
D , 209 , -112 , -42 , -5 , 846 , 907 , 696 , 591
D , 210 , -72 , 92 , -139 , 846 , 909 , 858 , 592
D , 211 , -22 , 233 , -142 , 854 , 909 , 1000 , 593
D , 212 , 30 , 358 , 28 , 855 , 909 , 1000 , 594
D , 213 , 100 , 473 , 16 , 862 , 911 , 1000 , 594
D , 214 , 147 , 524 , -78 , 877 , 906 , 1000 , 595
D , 215 , 173 , 498 , -267 , 884 , 904 , 1000 , 596
D , 216 , 171 , 383 , -286 , 891 , 899 , 1000 , 597
D , 217 , 147 , 243 , -38 , 899 , 894 , 1000 , 597
D , 218 , 114 , 115 , 197 , 909 , 903 , 1000 , 598
D , 219 , 81 , 4 , 441 , 910 , 895 , 1000 , 599
D , 220 , 52 , -73 , 69 , 920 , 894 , 907 , 600
D , 221 , 26 , -131 , -250 , 920 , 894 , 832 , 600
D , 222 , 7 , -164 , -459 , 866 , 898 , 706 , 601
D , 223 , -13 , -187 , -290 , 915 , 880 , 708 , 602
D , 224 , -28 , -208 , -50 , 917 , 881 , 675 , 603
D , 225 , -45 , -228 , 326 , 918 , 887 , 648 , 603
D , 226 , -65 , -258 , 333 , 873 , 878 , 517 , 604
D , 227 , -88 , -286 , 144 , 883 , 881 , 486 , 605
D , 228 , -109 , -303 , -152 , 940 , 887 , 541 , 606
D , 229 , -127 , -310 , -211 , 942 , 896 , 530 , 606
D , 230 , -135 , -253 , -400 , 907 , 910 , 537 , 607
D , 231 , -48 , 131 , -825 , 913 , 905 , 964 , 608
D , 232 , 77 , 394 , -534 , 920 , 902 , 1000 , 609
D , 233 , 154 , 562 , -220 , 934 , 901 , 1000 , 609
D , 234 , 235 , 726 , -494 , 936 , 922 , 1000 , 610
D , 235 , 319 , 876 , -555 , 945 , 953 , 1000 , 611
D , 236 , 471 , 1330 , 275 , 941 , 954 , 1000 , 612
T , 237 , 689 , 1768 , 280 , 922 , 922 , 1000 , 612
D , 238 , 877 , 2022 , -55 , 893 , 895 , 1000 , 612
D , 239 , 1072 , 2295 , -1219 , 888 , 883 , 1000 , 612
D , 240 , 1097 , 2000 , -1087 , 892 , 876 , 1000 , 612
D , 241 , 1117 , 1776 , 257 , 908 , 904 , 1000 , 612
D , 242 , 1179 , 1699 , 884 , 947 , 902 , 1000 , 612
D , 243 , 1217 , 1535 , 1298 , 884 , 905 , 1000 , 612
D , 244 , 1207 , 1227 , 1234 , 863 , 861 , 1000 , 612
D , 245 , 1145 , 835 , 303 , 862 , 853 , 1000 , 612
D , 246 , 1048 , 402 , -804 , 934 , 856 , 1000 , 612
D , 247 , 924 , -42 , -1016 , 947 , 856 , 1000 , 612
D , 248 , 802 , -390 , -298 , 893 , 846 , 1000 , 612
D , 249 , 659 , -766 , 404 , 871 , 830 , 1000 , 612
D , 250 , 502 , -1101 , 198 , 917 , 827 , 1000 , 612
D , 251 , 382 , -1197 , 224 , 918 , 835 , 1000 , 612
D , 252 , 288 , -1297 , 622 , 925 , 846 , 1000 , 612
D , 253 , 220 , -1264 , 693 , 928 , 853 , 1000 , 612
D , 254 , 176 , -1216 , 578 , 922 , 856 , 1000 , 612
D , 255 , 127 , -1185 , 474 , 914 , 835 , 1000 , 612
D , 256 , 74 , -1189 , 254 , 937 , 826 , 1000 , 612
D , 257 , 5 , -1244 , -352 , 970 , 852 , 1000 , 612
D , 258 , -83 , -1353 , -757 , 985 , 861 , 1000 , 612
D , 259 , -191 , -1478 , -865 , 981 , 873 , 1000 , 612
D , 260 , -305 , -1623 , -813 , 965 , 890 , 1000 , 612
D , 261 , -494 , -1883 , -7 , 929 , 867 , 998 , 612
D , 262 , -714 , -2366 , 602 , 929 , 867 , 362 , 612
D , 263 , -1002 , -2923 , 250 , 936 , 858 , -414 , 612
D , 264 , -1334 , -3490 , -398 , 951 , 891 , -1000 , 612
D , 265 , -1664 , -3944 , -944 , 949 , 888 , -1000 , 612
D , 266 , -1955 , -4118 , -485 , 941 , 871 , -1000 , 612
D , 267 , -2129 , -3956 , 354 , 899 , 843 , -1000 , 612
D , 268 , -2248 , -3707 , 298 , 868 , 821 , -1000 , 612
D , 269 , -2359 , -3494 , -245 , 854 , 803 , -1000 , 612
D , 270 , -2462 , -3320 , 350 , 798 , 765 , -1000 , 612
D , 271 , -2612 , -3231 , 851 , 750 , 731 , -1000 , 612
D , 272 , -2756 , -3208 , 621 , 687 , 682 , -1000 , 612
D , 273 , -2901 , -3156 , -235 , 631 , 627 , -1000 , 612
D , 274 , -3023 , -3025 , -625 , 573 , 561 , -1000 , 612
D , 275 , -3108 , -2809 , -339 , 509 , 494 , -1000 , 612
D , 276 , -3172 , -2585 , 131 , 416 , 436 , -1000 , 612
D , 277 , -3230 , -2385 , 504 , 325 , 371 , -1000 , 612
D , 278 , -3290 , -2230 , 520 , 253 , 309 , -1000 , 612
D , 279 , -3376 , -2113 , 287 , 185 , 235 , -1000 , 612
D , 280 , -3442 , -1996 , 72 , 110 , 151 , -1000 , 612
D , 281 , -3500 , -1878 , 214 , 39 , 69 , -1000 , 612
D , 282 , -3559 , -1787 , 357 , -36 , -20 , -1000 , 612
D , 283 , -3620 , -1712 , 371 , -117 , -95 , -1000 , 612
D , 284 , -3682 , -1648 , 217 , -199 , -171 , -1000 , 612
D , 285 , -3734 , -1546 , -104 , -281 , -248 , -1000 , 612
D , 286 , -3771 , -1425 , -44 , -384 , -311 , -1000 , 612
D , 287 , -3803 , -1315 , -43 , -506 , -438 , -1000 , 612
D , 288 , -3842 , -1251 , -6 , -506 , -438 , -1000 , 612
D , 289 , -3898 , -1197 , -60 , -558 , -491 , -1000 , 612
D , 290 , -3938 , -1141 , 11 , -596 , -546 , -1000 , 612
D , 291 , -3975 , -1085 , -116 , -634 , -599 , -1000 , 612
D , 292 , -4018 , -1073 , -55 , -669 , -638 , -1000 , 612
D , 293 , -4072 , -1083 , -55 , -707 , -671 , -1000 , 612
D , 294 , -4131 , -1108 , 35 , -740 , -706 , -1000 , 612
D , 295 , -4192 , -1125 , 0 , -768 , -737 , -1000 , 612
D , 296 , -4255 , -1150 , -74 , -792 , -759 , -1000 , 612
D , 297 , -4315 , -1153 , -88 , -815 , -779 , -1000 , 612
D , 298 , -4372 , -1158 , -48 , -830 , -801 , -1000 , 612
D , 299 , -4449 , -1193 , 11 , -856 , -826 , -1000 , 612
S, 8 , 300 , 7400 , 1 , 0 , 872 , 514 , 317 , 1406 , 390
D , 0 , -61 , 811 , -8 , 618 , 665 , 1000 , 300
D , 1 , -33 , 737 , 149 , 616 , 668 , 1000 , 300
D , 2 , -46 , 550 , 221 , 609 , 664 , 1000 , 300
D , 3 , -93 , 301 , 206 , 606 , 661 , 1000 , 300
D , 4 , -160 , 51 , 167 , 601 , 665 , 873 , 300
D , 5 , -233 , -169 , -2 , 601 , 665 , 601 , 300
D , 6 , -305 , -353 , -195 , 608 , 671 , 363 , 300
D , 7 , -376 , -505 , -208 , 564 , 669 , 174 , 300
D , 8 , -442 , -617 , -70 , 561 , 673 , -61 , 300
D , 9 , -510 , -670 , 79 , 595 , 668 , -179 , 300
D , 10 , -545 , -649 , 47 , 592 , 653 , -154 , 300
D , 11 , -551 , -535 , -25 , 560 , 637 , -89 , 300
D , 12 , -520 , -322 , -51 , 559 , 626 , 57 , 300
D , 13 , -453 , -43 , 0 , 555 , 618 , 354 , 300
D , 14 , -359 , 256 , 49 , 556 , 606 , 697 , 300
D , 15 , -253 , 535 , 86 , 555 , 601 , 1000 , 300
D , 16 , -144 , 777 , 55 , 555 , 601 , 1000 , 300
D , 17 , -37 , 953 , -97 , 542 , 585 , 1000 , 300
D , 18 , 68 , 1014 , -186 , 542 , 585 , 1000 , 300
D , 19 , 107 , 936 , -95 , 552 , 608 , 1000 , 300
D , 20 , 105 , 764 , 94 , 555 , 618 , 1000 , 300
D , 21 , 76 , 546 , 76 , 558 , 623 , 1000 , 300
D , 22 , 32 , 335 , -134 , 562 , 619 , 1000 , 300
D , 23 , -12 , 152 , -153 , 565 , 613 , 990 , 300
D , 24 , -57 , 2 , -112 , 570 , 603 , 807 , 300
D , 25 , -100 , -122 , -74 , 571 , 597 , 645 , 300
D , 26 , -140 , -219 , -106 , 564 , 592 , 510 , 300
D , 27 , -179 , -297 , -24 , 608 , 581 , 383 , 300
D , 28 , -224 , -355 , 112 , 608 , 581 , 333 , 300
D , 29 , -258 , -404 , 189 , 572 , 572 , 234 , 300
D , 30 , -290 , -439 , 63 , 580 , 577 , 122 , 300
D , 31 , -319 , -458 , 11 , 621 , 585 , 94 , 300
D , 32 , -341 , -445 , -139 , 628 , 603 , 155 , 300
D , 33 , -352 , -397 , -154 , 643 , 620 , 222 , 300
D , 34 , -342 , -282 , -96 , 649 , 631 , 381 , 300
D , 35 , -306 , -102 , 18 , 660 , 643 , 603 , 300
D , 36 , -243 , 116 , 107 , 673 , 654 , 894 , 300
D , 37 , -147 , 331 , 187 , 685 , 657 , 1000 , 300
D , 38 , -68 , 510 , 203 , 685 , 657 , 1000 , 300
D , 39 , 4 , 636 , 26 , 680 , 653 , 1000 , 300
D , 40 , 56 , 665 , -217 , 682 , 652 , 1000 , 300
D , 41 , 72 , 574 , -330 , 686 , 653 , 1000 , 300
D , 42 , 52 , 397 , -155 , 682 , 665 , 1000 , 300
D , 43 , 4 , 184 , 5 , 679 , 669 , 1000 , 300
D , 44 , -55 , -26 , 156 , 687 , 678 , 1000 , 300
D , 45 , -118 , -211 , 82 , 685 , 685 , 836 , 300
D , 46 , -182 , -366 , 26 , 688 , 690 , 640 , 300
D , 47 , -259 , -490 , 4 , 692 , 709 , 463 , 300
D , 48 , -319 , -596 , -134 , 703 , 715 , 339 , 300
D , 49 , -378 , -677 , 74 , 701 , 727 , 232 , 300
D , 50 , -432 , -735 , 185 , 697 , 728 , 138 , 300
D , 51 , -479 , -758 , 223 , 691 , 744 , 64 , 300
D , 52 , -514 , -733 , 116 , 692 , 733 , 63 , 300
D , 53 , -530 , -655 , -43 , 690 , 722 , 99 , 300
D , 54 , -523 , -512 , -55 , 692 , 725 , 210 , 300
D , 55 , -491 , -303 , 107 , 691 , 722 , 435 , 300
D , 56 , -422 , -71 , 40 , 686 , 726 , 705 , 300
D , 57 , -353 , 146 , -74 , 678 , 725 , 967 , 300
D , 58 , -279 , 347 , -132 , 687 , 725 , 1000 , 300
D , 59 , -202 , 520 , -174 , 686 , 717 , 1000 , 300
D , 60 , -134 , 629 , -143 , 675 , 706 , 1000 , 300
D , 61 , -90 , 630 , -76 , 673 , 702 , 1000 , 300
D , 62 , -79 , 538 , 86 , 676 , 698 , 1000 , 300
D , 63 , -97 , 378 , 197 , 672 , 704 , 1000 , 300
D , 64 , -95 , 412 , -565 , 672 , 680 , 1000 , 300
D , 65 , -72 , 381 , -908 , 667 , 663 , 1000 , 300
D , 66 , -77 , 261 , -529 , 678 , 658 , 1000 , 300
D , 67 , -94 , 199 , -658 , 686 , 690 , 1000 , 300
D , 68 , -106 , 139 , -291 , 694 , 681 , 1000 , 300
D , 69 , -102 , 129 , -258 , 706 , 651 , 1000 , 300
D , 70 , -101 , 117 , -296 , 721 , 626 , 1000 , 300
D , 71 , -102 , 71 , -496 , 734 , 611 , 1000 , 300
D , 72 , -121 , 6 , -556 , 744 , 624 , 993 , 300
D , 73 , -92 , 221 , -45 , 740 , 645 , 1000 , 300
D , 74 , 22 , 555 , -116 , 747 , 650 , 1000 , 300
D , 75 , 185 , 825 , -346 , 774 , 665 , 1000 , 300
D , 76 , 294 , 1003 , -869 , 825 , 690 , 1000 , 300
D , 77 , 399 , 1199 , -468 , 880 , 738 , 1000 , 300
D , 78 , 516 , 1391 , -107 , 906 , 772 , 1000 , 300
D , 79 , 650 , 1586 , 135 , 911 , 754 , 1000 , 300
D , 80 , 775 , 1698 , 371 , 910 , 794 , 1000 , 300
D , 81 , 860 , 1645 , 773 , 922 , 806 , 1000 , 300
D , 82 , 901 , 1488 , 1013 , 946 , 821 , 1000 , 300
D , 83 , 927 , 1371 , 691 , 958 , 822 , 1000 , 300
D , 84 , 946 , 1103 , -512 , 950 , 844 , 1000 , 300
D , 85 , 867 , 653 , -1056 , 952 , 814 , 1000 , 300
D , 86 , 729 , 97 , -889 , 943 , 810 , 1000 , 300
D , 87 , 549 , -477 , -114 , 930 , 848 , 1000 , 300
D , 88 , 374 , -872 , 712 , 915 , 847 , 1000 , 300
D , 89 , 296 , -838 , 427 , 895 , 824 , 1000 , 300
D , 90 , 292 , -724 , 450 , 882 , 830 , 1000 , 300
D , 91 , 285 , -668 , 601 , 878 , 834 , 1000 , 300
D , 92 , 271 , -606 , 579 , 880 , 839 , 1000 , 300
D , 93 , 254 , -571 , 156 , 895 , 858 , 1000 , 300
D , 94 , 231 , -553 , -217 , 895 , 858 , 1000 , 300
D , 95 , 204 , -567 , -645 , 889 , 888 , 1000 , 300
D , 96 , 160 , -643 , -946 , 857 , 854 , 1000 , 300
D , 97 , 75 , -874 , -686 , 815 , 832 , 986 , 300
D , 98 , -55 , -1165 , 116 , 806 , 845 , 496 , 300
D , 99 , -252 , -1636 , 397 , 819 , 926 , -117 , 300
T , 100 , -468 , -2034 , 16 , 835 , 895 , 346 , 300
D , 101 , -703 , -2479 , -316 , 845 , 882 , -296 , 300
D , 102 , -961 , -2826 , 7 , 845 , 882 , -869 , 300
D , 103 , -1164 , -2809 , 229 , 777 , 845 , -1000 , 300
D , 104 , -1266 , -2658 , -346 , 777 , 845 , -1000 , 300
D , 105 , -1329 , -2448 , -725 , 704 , 835 , -1000 , 300
D , 106 , -1391 , -2272 , -179 , 704 , 835 , -1000 , 300
D , 107 , -1454 , -2160 , 359 , 606 , 685 , -1000 , 300
D , 108 , -1530 , -2093 , 606 , 567 , 645 , -1000 , 300
D , 109 , -1619 , -2037 , 126 , 525 , 642 , -1000 , 300
D , 110 , -1703 , -1996 , -558 , 463 , 572 , -1000 , 300
D , 111 , -1775 , -1893 , -637 , 398 , 531 , -1000 , 300
D , 112 , -1816 , -1667 , -68 , 322 , 461 , -1000 , 300
D , 113 , -1812 , -1390 , 517 , 253 , 368 , -1000 , 300
D , 114 , -1786 , -1091 , 756 , 180 , 236 , -1000 , 300
D , 115 , -1749 , -827 , 413 , 119 , 207 , -1000 , 300
D , 116 , -1719 , -636 , 107 , 48 , 170 , -1000 , 300
D , 117 , -1698 , -500 , -156 , -23 , 90 , -1000 , 300
D , 118 , -1684 , -382 , -8 , -102 , -16 , -1000 , 300
D , 119 , -1667 , -277 , 144 , -177 , -135 , -1000 , 300
D , 120 , -1644 , -157 , 347 , -250 , -215 , -1000 , 300
D , 121 , -1610 , -23 , 35 , -351 , -292 , -1000 , 300
D , 122 , -1555 , 125 , -193 , -416 , -366 , -1000 , 300
D , 123 , -1499 , 284 , -302 , -478 , -441 , -1000 , 300
D , 124 , -1434 , 443 , -1 , -543 , -519 , -1000 , 300
D , 125 , -1361 , 600 , 240 , -587 , -572 , -1000 , 300
D , 126 , -1284 , 739 , 248 , -634 , -641 , -1000 , 300
D , 127 , -1204 , 866 , 181 , -680 , -698 , -1000 , 300
D , 128 , -1123 , 984 , -125 , -734 , -749 , -1000 , 300
D , 129 , -1042 , 1086 , -98 , -777 , -800 , -1000 , 300
D , 130 , -960 , 1174 , -146 , -808 , -810 , -1000 , 300
D , 131 , -878 , 1245 , -9 , -846 , -865 , -1000 , 300
D , 132 , -777 , 1306 , 8 , -846 , -865 , -1000 , 300
D , 133 , -696 , 1358 , 77 , -857 , -923 , -1000 , 300
D , 134 , -609 , 1422 , 201 , -947 , -942 , -1000 , 300
D , 135 , -516 , 1499 , 57 , -977 , -970 , -1000 , 300
D , 136 , -419 , 1575 , -130 , -1000 , -1004 , -1000 , 300
D , 137 , -319 , 1647 , -187 , -958 , -1024 , -1000 , 300
D , 138 , -216 , 1714 , -50 , -958 , -1024 , -1000 , 300
D , 139 , -109 , 1787 , 84 , -1004 , -1051 , -1000 , 300
D , 140 , -1 , 1853 , 191 , -1004 , -1051 , -1000 , 300
D , 141 , 110 , 1923 , 181 , -1042 , -1074 , -1000 , 300
D , 142 , 254 , 1992 , 84 , -1042 , -1074 , -1000 , 300
D , 143 , 373 , 2064 , -116 , -1073 , -1113 , -1000 , 300
D , 144 , 496 , 2132 , -234 , -1073 , -1113 , -1000 , 300
D , 145 , 624 , 2210 , -84 , -1107 , -1139 , -1000 , 300
D , 146 , 756 , 2279 , 221 , -1107 , -1139 , -1000 , 300
D , 147 , 892 , 2356 , 128 , -1133 , -1157 , -1000 , 300
D , 148 , 1029 , 2423 , 81 , -1133 , -1157 , -989 , 300
D , 149 , 1169 , 2492 , -139 , -1152 , -1175 , -829 , 300
D , 150 , 1313 , 2568 , -133 , -1162 , -1179 , -666 , 300
D , 151 , 1502 , 2652 , -193 , -1167 , -1198 , -444 , 300
D , 152 , 1657 , 2726 , -272 , -1167 , -1198 , -275 , 300
D , 153 , 1814 , 2799 , -120 , -1229 , -1224 , -82 , 300
D , 154 , 1965 , 2832 , 128 , -1229 , -1224 , -41 , 300
D , 155 , 2105 , 2817 , 154 , -1172 , -1239 , 129 , 300
D , 156 , 2227 , 2752 , 181 , -1172 , -1239 , 185 , 300
D , 157 , 2327 , 2627 , -45 , -1211 , -1221 , 184 , 300
D , 158 , 2399 , 2426 , -140 , -1211 , -1221 , 19 , 300
D , 159 , 2439 , 2163 , -119 , -1152 , -1185 , -108 , 300
D , 160 , 2454 , 1861 , 44 , -1152 , -1185 , -295 , 300
D , 161 , 2448 , 1560 , 129 , -1095 , -1114 , -399 , 300
D , 162 , 2431 , 1279 , 52 , -1095 , -1114 , -655 , 300
D , 163 , 2408 , 1030 , -40 , -1018 , -1031 , -695 , 300
D , 164 , 2388 , 831 , 22 , -1018 , -1031 , -869 , 300
D , 165 , 2376 , 688 , 14 , -923 , -947 , -889 , 300
D , 166 , 2379 , 620 , -1 , -923 , -947 , -813 , 300
D , 167 , 2405 , 638 , -55 , -847 , -864 , -647 , 300
D , 168 , 2461 , 746 , -66 , -847 , -864 , -402 , 300
D , 169 , 2545 , 927 , 114 , -797 , -808 , -90 , 300
D , 170 , 2679 , 1129 , 85 , -797 , -808 , 294 , 300
D , 171 , 2797 , 1323 , 10 , -748 , -752 , 651 , 300
D , 172 , 2919 , 1490 , 39 , -748 , -752 , 987 , 300
D , 173 , 3033 , 1592 , -7 , -687 , -675 , 1000 , 300
D , 174 , 3120 , 1576 , -83 , -687 , -675 , 1000 , 300
D , 175 , 3167 , 1442 , -18 , -595 , -571 , 1000 , 300
D , 176 , 3179 , 1246 , 12 , -595 , -571 , 1000 , 300
D , 177 , 3170 , 1024 , -50 , -500 , -473 , 1000 , 300
D , 178 , 3145 , 784 , -90 , -500 , -473 , 1000 , 300
D , 179 , 3102 , 512 , -39 , -421 , -388 , 1000 , 300
D , 180 , 3026 , 239 , 56 , -377 , -350 , 1000 , 300
D , 181 , 2955 , -7 , 94 , -333 , -314 , 879 , 300
D , 182 , 2880 , -228 , 90 , -295 , -276 , 733 , 300
D , 183 , 2804 , -423 , 36 , -252 , -235 , 604 , 300
D , 184 , 2727 , -588 , -5 , -252 , -235 , 515 , 300
D , 185 , 2650 , -726 , -2 , -172 , -148 , 457 , 300
D , 186 , 2574 , -846 , 16 , -172 , -148 , 397 , 300
D , 187 , 2497 , -950 , 9 , -69 , -62 , 376 , 300
D , 188 , 2421 , -1037 , -57 , -69 , -62 , 367 , 300
D , 189 , 2330 , -1092 , -109 , 54 , 51 , 403 , 300
D , 190 , 2266 , -1118 , -102 , 110 , 104 , 506 , 300
D , 191 , 2210 , -1114 , -46 , 176 , 169 , 622 , 300
D , 192 , 2163 , -1083 , 28 , 231 , 226 , 803 , 300
D , 193 , 2124 , -1035 , 52 , 279 , 273 , 980 , 300
D , 194 , 2089 , -990 , 1 , 279 , 273 , 1000 , 300
D , 195 , 2050 , -971 , -55 , 354 , 346 , 1000 , 300
D , 196 , 2001 , -993 , -9 , 354 , 346 , 1000 , 300
D , 197 , 1935 , -1063 , 9 , 421 , 404 , 1000 , 300
D , 198 , 1828 , -1189 , 91 , 421 , 404 , 1000 , 300
D , 199 , 1725 , -1339 , 178 , 469 , 467 , 999 , 300
D , 200 , 1610 , -1485 , 63 , 469 , 467 , 856 , 300
D , 201 , 1498 , -1599 , -40 , 526 , 523 , 751 , 300
D , 202 , 1389 , -1685 , -27 , 526 , 523 , 649 , 300
D , 203 , 1286 , -1743 , -59 , 570 , 572 , 580 , 300
D , 204 , 1186 , -1778 , -78 , 570 , 572 , 527 , 300
D , 205 , 1093 , -1792 , 48 , 607 , 607 , 486 , 300
D , 206 , 1003 , -1795 , 149 , 607 , 607 , 459 , 300
D , 207 , 919 , -1774 , -17 , 627 , 649 , 449 , 300
D , 208 , 823 , -1736 , -78 , 627 , 649 , 440 , 300
D , 209 , 752 , -1688 , 30 , 644 , 676 , 459 , 300
D , 210 , 687 , -1630 , 72 , 654 , 694 , 482 , 300
D , 211 , 628 , -1563 , 68 , 659 , 701 , 530 , 300
D , 212 , 576 , -1486 , 101 , 659 , 701 , 575 , 300
D , 213 , 529 , -1408 , 89 , 678 , 725 , 639 , 300
D , 214 , 484 , -1335 , -41 , 683 , 731 , 698 , 300
D , 215 , 441 , -1272 , -97 , 682 , 734 , 733 , 300
D , 216 , 397 , -1223 , 82 , 682 , 734 , 745 , 300
D , 217 , 349 , -1201 , 185 , 685 , 741 , 731 , 300
D , 218 , 279 , -1201 , 70 , 685 , 741 , 683 , 300
D , 219 , 217 , -1219 , -50 , 691 , 737 , 611 , 300
D , 220 , 148 , -1251 , -32 , 691 , 737 , 534 , 300
D , 221 , 77 , -1285 , -81 , 686 , 724 , 428 , 300
D , 222 , 5 , -1312 , -99 , 686 , 724 , 336 , 300
D , 223 , -65 , -1329 , 49 , 675 , 716 , 249 , 300
D , 224 , -132 , -1326 , 86 , 675 , 716 , 177 , 300
D , 225 , -191 , -1302 , -10 , 667 , 703 , 132 , 300
D , 226 , -240 , -1246 , -124 , 667 , 703 , 128 , 300
D , 227 , -281 , -1142 , -90 , 654 , 679 , 154 , 300
D , 228 , -295 , -1004 , -85 , 648 , 677 , 247 , 300
D , 229 , -293 , -837 , 28 , 634 , 662 , 391 , 300
D , 230 , -277 , -653 , 119 , 622 , 634 , 532 , 300
D , 231 , -248 , -464 , 172 , 616 , 625 , 679 , 300
D , 232 , -211 , -283 , 83 , 616 , 625 , 857 , 300
D , 233 , -169 , -118 , -67 , 585 , 581 , 997 , 300
D , 234 , -130 , 6 , -95 , 577 , 574 , 1000 , 300
D , 235 , -106 , 24 , -28 , 575 , 556 , 1000 , 300
D , 236 , -114 , -71 , 9 , 575 , 556 , 1000 , 300
D , 237 , -180 , -272 , -6 , 570 , 549 , 779 , 300
D , 238 , -269 , -521 , -116 , 581 , 553 , 471 , 300
D , 239 , -373 , -755 , -160 , 581 , 554 , 194 , 300
D , 240 , -478 , -950 , 1 , 581 , 558 , -78 , 300
D , 241 , -576 , -1091 , 47 , 580 , 569 , -271 , 300
D , 242 , -660 , -1161 , 117 , 580 , 565 , -391 , 300
D , 243 , -717 , -1119 , 23 , 572 , 551 , -415 , 300
D , 244 , -730 , -942 , -106 , 549 , 528 , -303 , 300
D , 245 , -691 , -603 , -119 , 529 , 507 , -88 , 300
D , 246 , -579 , -203 , -46 , 505 , 484 , 379 , 300
D , 247 , -462 , 183 , 64 , 480 , 457 , 773 , 300
D , 248 , -340 , 507 , 107 , 459 , 421 , 1000 , 300
D , 249 , -226 , 752 , 68 , 439 , 404 , 1000 , 300
D , 250 , -129 , 902 , -54 , 425 , 399 , 1000 , 300
D , 251 , -65 , 912 , -88 , 423 , 399 , 1000 , 300
D , 252 , -50 , 774 , -16 , 427 , 413 , 1000 , 300
D , 253 , -81 , 528 , 53 , 436 , 431 , 1000 , 300
D , 254 , -143 , 252 , 88 , 448 , 443 , 1000 , 300
D , 255 , -214 , 2 , -32 , 469 , 463 , 782 , 300
D , 256 , -302 , -199 , -141 , 469 , 463 , 592 , 300
D , 257 , -371 , -370 , -113 , 473 , 472 , 397 , 300
D , 258 , -436 , -501 , 68 , 466 , 475 , 235 , 300
D , 259 , -496 , -599 , 98 , 462 , 468 , 96 , 300
D , 260 , -550 , -662 , 61 , 455 , 470 , -18 , 300
D , 261 , -596 , -695 , 19 , 418 , 457 , -88 , 300
D , 262 , -631 , -683 , -11 , 437 , 456 , -176 , 300
D , 263 , -653 , -629 , 11 , 433 , 462 , -114 , 300
D , 264 , -656 , -528 , 89 , 431 , 463 , -14 , 300
D , 265 , -632 , -366 , 96 , 418 , 458 , 155 , 300
D , 266 , -591 , -171 , 12 , 428 , 460 , 347 , 300
D , 267 , -533 , 31 , -61 , 435 , 469 , 607 , 300
D , 268 , -467 , 231 , -58 , 448 , 481 , 880 , 300
D , 269 , -397 , 400 , 4 , 448 , 478 , 1000 , 300
D , 270 , -329 , 534 , 35 , 448 , 481 , 1000 , 300
D , 271 , -272 , 604 , -25 , 441 , 482 , 1000 , 300
D , 272 , -242 , 568 , -71 , 442 , 479 , 1000 , 300
D , 273 , -247 , 434 , -75 , 444 , 483 , 1000 , 300
D , 274 , -283 , 219 , -62 , 444 , 483 , 1000 , 300
D , 275 , -358 , -10 , 37 , 424 , 452 , 873 , 300
D , 276 , -434 , -240 , 40 , 424 , 493 , 535 , 300
D , 277 , -516 , -454 , -57 , 424 , 497 , 359 , 300
D , 278 , -602 , -642 , -109 , 424 , 497 , 104 , 300
D , 279 , -689 , -802 , -76 , 426 , 464 , -110 , 300
D , 280 , -771 , -919 , -3 , 426 , 464 , -330 , 300
D , 281 , -847 , -1005 , 54 , 461 , 466 , -462 , 300
D , 282 , -911 , -1029 , 132 , 461 , 466 , -492 , 300
D , 283 , -953 , -943 , 140 , 431 , 464 , -451 , 300
D , 284 , -956 , -758 , 26 , 431 , 464 , -339 , 300
D , 285 , -914 , -485 , 2 , 437 , 458 , -47 , 300
D , 286 , -838 , -163 , 58 , 437 , 458 , 308 , 300
D , 287 , -735 , 180 , 109 , 415 , 444 , 693 , 300
D , 288 , -619 , 507 , 109 , 415 , 444 , 1000 , 300
D , 289 , -499 , 781 , 100 , 401 , 437 , 1000 , 300
D , 290 , -387 , 989 , 103 , 393 , 425 , 1000 , 300
D , 291 , -290 , 1104 , 70 , 383 , 403 , 1000 , 300
D , 292 , -224 , 1096 , -75 , 383 , 403 , 1000 , 300
D , 293 , -203 , 913 , -112 , 376 , 371 , 1000 , 300
D , 294 , -244 , 628 , -34 , 376 , 371 , 1000 , 300
D , 295 , -315 , 297 , 91 , 361 , 383 , 1000 , 300
D , 296 , -405 , -11 , 69 , 361 , 383 , 725 , 300
D , 297 , -457 , -65 , -564 , 348 , 334 , 560 , 300
D , 298 , -474 , -120 , -666 , 348 , 334 , 489 , 300
D , 299 , -454 , 57 , 473 , 339 , 341 , 658 , 300
S, 9 , 450 , 7396 , 1 , 0 , 846 , 685 , 310 , 1303 , 352
D , 0 , 26 , 433 , -92 , 813 , 803 , 1000 , 450
D , 1 , 5 , 265 , 57 , 813 , 803 , 1000 , 450
D , 2 , -53 , 63 , -52 , 820 , 821 , 1000 , 450
D , 3 , -111 , -124 , -83 , 823 , 828 , 884 , 450
D , 4 , -171 , -280 , -80 , 823 , 823 , 698 , 450
D , 5 , -228 , -402 , 209 , 829 , 830 , 524 , 450
D , 6 , -283 , -500 , 313 , 827 , 830 , 399 , 450
D , 7 , -334 , -572 , 182 , 820 , 828 , 279 , 450
D , 8 , -379 , -612 , 19 , 814 , 830 , 183 , 450
D , 9 , -412 , -609 , -85 , 811 , 830 , 143 , 450
D , 10 , -431 , -544 , -5 , 801 , 822 , 176 , 450
D , 11 , -426 , -421 , 117 , 785 , 810 , 260 , 450
D , 12 , -395 , -246 , 196 , 778 , 803 , 403 , 450
D , 13 , -343 , -39 , 102 , 770 , 795 , 619 , 450
D , 14 , -275 , 174 , -41 , 766 , 793 , 854 , 450
D , 15 , -200 , 377 , -39 , 765 , 789 , 1000 , 450
D , 16 , -123 , 545 , 0 , 761 , 789 , 1000 , 450
D , 17 , -53 , 660 , -34 , 760 , 789 , 1000 , 450
D , 18 , -1 , 690 , -69 , 756 , 775 , 1000 , 450
D , 19 , 22 , 622 , 5 , 755 , 782 , 1000 , 450
D , 20 , 14 , 453 , -33 , 761 , 786 , 1000 , 450
D , 21 , -30 , 261 , 23 , 757 , 782 , 1000 , 450
D , 22 , -80 , 73 , 33 , 751 , 780 , 935 , 450
D , 23 , -133 , -91 , -22 , 754 , 763 , 723 , 450
D , 24 , -185 , -226 , -58 , 754 , 771 , 529 , 450
D , 25 , -233 , -332 , -83 , 754 , 771 , 398 , 450
D , 26 , -276 , -402 , 33 , 752 , 761 , 291 , 450
D , 27 , -311 , -441 , -22 , 753 , 757 , 201 , 450
D , 28 , -338 , -445 , -53 , 751 , 747 , 164 , 450
D , 29 , -353 , -408 , -70 , 745 , 741 , 162 , 450
D , 30 , -356 , -336 , 100 , 744 , 737 , 204 , 450
D , 31 , -341 , -225 , 236 , 747 , 738 , 309 , 450
D , 32 , -307 , -69 , 134 , 746 , 737 , 487 , 450
D , 33 , -252 , 119 , 26 , 747 , 737 , 707 , 450
D , 34 , -181 , 329 , -76 , 743 , 735 , 968 , 450
D , 35 , -100 , 521 , -81 , 734 , 731 , 1000 , 450
D , 36 , -19 , 684 , 3 , 724 , 727 , 1000 , 450
D , 37 , 54 , 786 , 146 , 738 , 728 , 1000 , 450
D , 38 , 108 , 800 , 133 , 739 , 744 , 1000 , 450
D , 39 , 132 , 695 , -73 , 741 , 747 , 1000 , 450
D , 40 , 117 , 517 , -228 , 740 , 748 , 1000 , 450
D , 41 , 81 , 322 , -161 , 744 , 744 , 1000 , 450
D , 42 , 33 , 130 , 188 , 749 , 753 , 1000 , 450
D , 43 , -15 , -30 , 352 , 748 , 764 , 859 , 450
D , 44 , -64 , -163 , 225 , 745 , 766 , 706 , 450
D , 45 , -109 , -266 , -137 , 739 , 773 , 566 , 450
D , 46 , -151 , -350 , -197 , 741 , 780 , 450 , 450
D , 47 , -191 , -418 , -22 , 739 , 783 , 361 , 450
D , 48 , -229 , -464 , 250 , 744 , 799 , 282 , 450
D , 49 , -270 , -484 , 124 , 755 , 804 , 252 , 450
D , 50 , -292 , -470 , -82 , 760 , 812 , 265 , 450
D , 51 , -303 , -418 , -102 , 763 , 809 , 318 , 450
D , 52 , -297 , -319 , 47 , 768 , 814 , 411 , 450
D , 53 , -272 , -181 , 147 , 771 , 818 , 573 , 450
D , 54 , -233 , -27 , 96 , 774 , 822 , 760 , 450
D , 55 , -182 , 132 , -146 , 788 , 802 , 963 , 450
D , 56 , -127 , 282 , -221 , 798 , 829 , 1000 , 450
D , 57 , -70 , 407 , -110 , 786 , 827 , 1000 , 450
D , 58 , -19 , 472 , 143 , 781 , 820 , 1000 , 450
D , 59 , 17 , 447 , 173 , 776 , 817 , 1000 , 450
D , 60 , 12 , 332 , 100 , 775 , 775 , 1000 , 450
D , 61 , -24 , 150 , -20 , 769 , 785 , 1000 , 450
D , 62 , -81 , -50 , 2 , 719 , 828 , 850 , 450
D , 63 , -146 , -237 , -11 , 759 , 819 , 607 , 450
D , 64 , -169 , -120 , -652 , 761 , 764 , 730 , 450
D , 65 , -122 , -13 , -1035 , 778 , 737 , 794 , 450
D , 66 , -105 , -9 , -1015 , 732 , 713 , 800 , 450
D , 67 , -121 , -43 , -965 , 744 , 704 , 650 , 450
D , 68 , -119 , -1 , -599 , 752 , 723 , 693 , 450
D , 69 , -81 , 145 , -597 , 810 , 737 , 901 , 450
D , 70 , -26 , 278 , -517 , 770 , 695 , 1000 , 450
D , 71 , 25 , 375 , -543 , 783 , 675 , 1000 , 450
D , 72 , 51 , 361 , -497 , 795 , 669 , 1000 , 450
D , 73 , 51 , 294 , -289 , 813 , 683 , 1000 , 450
D , 74 , 92 , 495 , 483 , 820 , 701 , 1000 , 450
D , 75 , 195 , 726 , 553 , 820 , 701 , 1000 , 450
D , 76 , 343 , 1102 , -468 , 837 , 723 , 1000 , 450
D , 77 , 477 , 1294 , -876 , 837 , 723 , 1000 , 450
D , 78 , 628 , 1466 , -414 , 936 , 740 , 1000 , 450
D , 79 , 783 , 1754 , -25 , 936 , 740 , 1000 , 450
D , 80 , 956 , 2019 , 199 , 910 , 837 , 1000 , 450
D , 81 , 1109 , 2110 , 412 , 902 , 831 , 1000 , 450
D , 82 , 1205 , 2038 , 759 , 953 , 745 , 1000 , 450
D , 83 , 1251 , 1859 , 622 , 932 , 748 , 1000 , 450
D , 84 , 1246 , 1581 , 202 , 916 , 807 , 1000 , 450
D , 85 , 1208 , 1107 , -679 , 916 , 807 , 1000 , 450
D , 86 , 1102 , 609 , -1042 , 929 , 854 , 1000 , 450
D , 87 , 955 , 31 , -478 , 929 , 854 , 1000 , 450
D , 88 , 807 , -144 , -83 , 904 , 822 , 1000 , 450
D , 89 , 769 , -221 , 278 , 841 , 794 , 1000 , 450
D , 90 , 743 , -274 , 311 , 874 , 835 , 1000 , 450
D , 91 , 725 , -269 , 294 , 864 , 871 , 1000 , 450
D , 92 , 708 , -278 , 288 , 875 , 904 , 1000 , 450
D , 93 , 708 , -210 , 235 , 887 , 909 , 1000 , 450
D , 94 , 726 , -109 , 68 , 897 , 905 , 1000 , 450
D , 95 , 750 , -26 , 167 , 897 , 905 , 1000 , 450
D , 96 , 764 , -27 , 271 , 879 , 898 , 1000 , 450
D , 97 , 739 , -157 , -249 , 855 , 913 , 1000 , 450
D , 98 , 662 , -421 , -732 , 803 , 918 , 1000 , 450
D , 99 , 514 , -885 , -670 , 809 , 884 , 1000 , 450
T , 100 , 282 , -1536 , -27 , 834 , 874 , 1000 , 450
D , 101 , -18 , -2257 , 375 , 834 , 874 , 599 , 450
D , 102 , -351 , -2912 , 555 , 843 , 920 , -277 , 450
D , 103 , -687 , -3475 , 539 , 843 , 920 , -1000 , 450
D , 104 , -931 , -3433 , 392 , 841 , 926 , -1000 , 450
D , 105 , -999 , -3069 , 177 , 835 , 887 , -1000 , 450
D , 106 , -1033 , -2747 , 272 , 815 , 844 , -813 , 450
D , 107 , -1089 , -2508 , 310 , 815 , 844 , -756 , 450
D , 108 , -1142 , -2312 , 156 , 733 , 775 , -736 , 450
D , 109 , -1203 , -2165 , -139 , 700 , 754 , -801 , 450
D , 110 , -1266 , -2043 , -558 , 663 , 720 , -842 , 450
D , 111 , -1345 , -1991 , -409 , 663 , 720 , -998 , 450
D , 112 , -1426 , -1955 , 237 , 510 , 596 , -1000 , 450
D , 113 , -1509 , -1904 , 672 , 510 , 596 , -1000 , 450
D , 114 , -1574 , -1793 , 727 , 377 , 476 , -1000 , 450
D , 115 , -1609 , -1612 , 120 , 377 , 476 , -1000 , 450
D , 116 , -1620 , -1378 , -379 , 272 , 365 , -1000 , 450
D , 117 , -1610 , -1146 , -528 , 272 , 365 , -1000 , 450
D , 118 , -1594 , -928 , -440 , 121 , 211 , -1000 , 450
D , 119 , -1580 , -758 , -254 , 121 , 211 , -1000 , 450
D , 120 , -1565 , -602 , 72 , -35 , 47 , -1000 , 450
D , 121 , -1547 , -457 , 286 , -35 , 47 , -1000 , 450
D , 122 , -1519 , -296 , 281 , -196 , -127 , -1000 , 450
D , 123 , -1478 , -122 , 44 , -196 , -127 , -1000 , 450
D , 124 , -1428 , 55 , -113 , -377 , -318 , -1000 , 450
D , 125 , -1368 , 224 , 33 , -377 , -318 , -1000 , 450
D , 126 , -1288 , 381 , 250 , -518 , -425 , -1000 , 450
D , 127 , -1221 , 525 , 95 , -518 , -425 , -1000 , 450
D , 128 , -1156 , 644 , -37 , -621 , -535 , -1000 , 450
D , 129 , -1091 , 741 , -235 , -672 , -596 , -1000 , 450
D , 130 , -1024 , 833 , -235 , -728 , -659 , -1000 , 450
D , 131 , -955 , 918 , -79 , -749 , -707 , -1000 , 450
D , 132 , -881 , 1015 , 47 , -785 , -756 , -1000 , 450
D , 133 , -800 , 1112 , 103 , -785 , -756 , -1000 , 450
D , 134 , -714 , 1207 , 111 , -876 , -836 , -1000 , 450
D , 135 , -629 , 1287 , 54 , -876 , -836 , -1000 , 450
D , 136 , -519 , 1367 , -36 , -938 , -902 , -1000 , 450
D , 137 , -429 , 1440 , 27 , -938 , -902 , -1000 , 450
D , 138 , -335 , 1513 , 7 , -984 , -965 , -1000 , 450
D , 139 , -237 , 1589 , 108 , -984 , -965 , -1000 , 450
D , 140 , -135 , 1665 , 204 , -1025 , -1019 , -1000 , 450
D , 141 , -29 , 1741 , 106 , -1046 , -1037 , -1000 , 450
D , 142 , 77 , 1805 , -48 , -1071 , -1064 , -1000 , 450
D , 143 , 187 , 1873 , -56 , -1071 , -1064 , -1000 , 450
D , 144 , 297 , 1933 , 107 , -1108 , -1094 , -1000 , 450
D , 145 , 439 , 1994 , 165 , -1108 , -1094 , -1000 , 450
D , 146 , 555 , 2056 , 75 , -1136 , -1123 , -1000 , 450
D , 147 , 675 , 2120 , -80 , -1136 , -1123 , -1000 , 450
D , 148 , 799 , 2184 , -198 , -1168 , -1141 , -1000 , 450
D , 149 , 929 , 2262 , -50 , -1184 , -1150 , -1000 , 450
D , 150 , 1064 , 2336 , 214 , -1188 , -1159 , -1000 , 450
D , 151 , 1205 , 2424 , 204 , -1188 , -1159 , -839 , 450
D , 152 , 1349 , 2505 , 115 , -1198 , -1180 , -660 , 450
D , 153 , 1498 , 2589 , -53 , -1198 , -1180 , -482 , 450
D , 154 , 1651 , 2675 , -134 , -1204 , -1207 , -303 , 450
D , 155 , 1846 , 2752 , -218 , -1204 , -1207 , -74 , 450
D , 156 , 1998 , 2787 , -212 , -1208 , -1229 , 67 , 450
D , 157 , 2136 , 2771 , -85 , -1208 , -1229 , 162 , 450
D , 158 , 2249 , 2676 , 45 , -1193 , -1215 , 188 , 450
D , 159 , 2334 , 2508 , 147 , -1193 , -1215 , 152 , 450
D , 160 , 2387 , 2276 , 100 , -1152 , -1165 , 43 , 450
D , 161 , 2411 , 1994 , 13 , -1124 , -1141 , -103 , 450
D , 162 , 2410 , 1681 , -32 , -1091 , -1104 , -311 , 450
D , 163 , 2392 , 1372 , -3 , -1091 , -1104 , -502 , 450
D , 164 , 2355 , 1082 , -30 , -1010 , -1034 , -687 , 450
D , 165 , 2324 , 839 , -4 , -969 , -986 , -829 , 450
D , 166 , 2299 , 658 , 41 , -938 , -939 , -885 , 450
D , 167 , 2285 , 535 , -15 , -893 , -906 , -894 , 450
D , 168 , 2291 , 505 , -90 , -850 , -869 , -809 , 450
D , 169 , 2326 , 574 , -32 , -827 , -852 , -611 , 450
D , 170 , 2395 , 731 , 107 , -795 , -824 , -354 , 450
D , 171 , 2494 , 942 , 48 , -775 , -795 , 7 , 450
D , 172 , 2608 , 1147 , -99 , -746 , -765 , 373 , 450
D , 173 , 2725 , 1327 , -25 , -725 , -741 , 784 , 450
D , 174 , 2870 , 1470 , 2 , -693 , -714 , 1000 , 450
D , 175 , 2974 , 1541 , -36 , -693 , -714 , 1000 , 450
D , 176 , 3050 , 1506 , 35 , -613 , -611 , 1000 , 450
D , 177 , 3093 , 1384 , 21 , -558 , -557 , 1000 , 450
D , 178 , 3108 , 1200 , 98 , -513 , -506 , 1000 , 450
D , 179 , 3099 , 977 , 4 , -474 , -459 , 1000 , 450
D , 180 , 3064 , 708 , 30 , -430 , -426 , 1000 , 450
D , 181 , 3004 , 407 , -32 , -430 , -426 , 1000 , 450
D , 182 , 2926 , 101 , -97 , -350 , -349 , 939 , 450
D , 183 , 2817 , -174 , -72 , -316 , -310 , 712 , 450
D , 184 , 2728 , -413 , -74 , -279 , -275 , 525 , 450
D , 185 , 2636 , -623 , -65 , -279 , -275 , 362 , 450
D , 186 , 2544 , -803 , -50 , -192 , -207 , 232 , 450
D , 187 , 2455 , -944 , -53 , -155 , -171 , 139 , 450
D , 188 , 2374 , -1038 , -6 , -110 , -127 , 86 , 450
D , 189 , 2303 , -1083 , 47 , -60 , -69 , 112 , 450
D , 190 , 2245 , -1086 , 47 , -28 , -18 , 216 , 450
D , 191 , 2199 , -1051 , 7 , 41 , 32 , 328 , 450
D , 192 , 2165 , -978 , -36 , 89 , 83 , 538 , 450
D , 193 , 2139 , -883 , -48 , 89 , 83 , 746 , 450
D , 194 , 2129 , -782 , -18 , 170 , 189 , 979 , 450
D , 195 , 2120 , -700 , -35 , 170 , 189 , 1000 , 450
D , 196 , 2103 , -665 , -84 , 233 , 252 , 1000 , 450
D , 197 , 2066 , -703 , -106 , 274 , 273 , 1000 , 450
D , 198 , 2004 , -816 , 5 , 274 , 289 , 1000 , 450
D , 199 , 1918 , -970 , 103 , 274 , 289 , 1000 , 450
D , 200 , 1817 , -1142 , 124 , 317 , 350 , 911 , 450
D , 201 , 1707 , -1305 , 92 , 317 , 350 , 735 , 450
D , 202 , 1568 , -1441 , -3 , 357 , 402 , 556 , 450
D , 203 , 1460 , -1544 , -102 , 382 , 420 , 429 , 450
D , 204 , 1359 , -1613 , -79 , 395 , 446 , 341 , 450
D , 205 , 1265 , -1644 , 63 , 395 , 446 , 289 , 450
D , 206 , 1184 , -1630 , 53 , 418 , 472 , 281 , 450
D , 207 , 1117 , -1579 , -50 , 433 , 485 , 335 , 450
D , 208 , 1062 , -1503 , -36 , 441 , 492 , 349 , 450
D , 209 , 1017 , -1411 , 54 , 450 , 499 , 411 , 450
D , 210 , 981 , -1307 , 91 , 476 , 509 , 497 , 450
D , 211 , 952 , -1198 , 13 , 476 , 509 , 625 , 450
D , 212 , 919 , -1104 , -76 , 474 , 530 , 677 , 450
D , 213 , 890 , -1038 , -52 , 489 , 547 , 748 , 450
D , 214 , 854 , -1006 , 54 , 513 , 560 , 796 , 450
D , 215 , 807 , -1013 , 78 , 510 , 571 , 801 , 450
D , 216 , 748 , -1058 , 31 , 538 , 586 , 721 , 450
D , 217 , 676 , -1129 , -32 , 528 , 603 , 668 , 450
D , 218 , 595 , -1209 , 11 , 556 , 620 , 536 , 450
D , 219 , 512 , -1279 , 82 , 563 , 619 , 461 , 450
D , 220 , 429 , -1329 , 8 , 569 , 627 , 351 , 450
D , 221 , 332 , -1359 , -13 , 572 , 623 , 258 , 450
D , 222 , 261 , -1364 , -2 , 570 , 623 , 189 , 450
D , 223 , 200 , -1338 , -6 , 555 , 618 , 157 , 450
D , 224 , 149 , -1290 , -57 , 554 , 604 , 125 , 450
D , 225 , 106 , -1220 , -119 , 544 , 585 , 129 , 450
D , 226 , 74 , -1124 , -80 , 542 , 578 , 148 , 450
D , 227 , 57 , -998 , -58 , 526 , 573 , 232 , 450
D , 228 , 54 , -847 , -4 , 519 , 557 , 339 , 450
D , 229 , 65 , -681 , 14 , 516 , 548 , 467 , 450
D , 230 , 86 , -507 , 55 , 509 , 531 , 629 , 450
D , 231 , 121 , -346 , 66 , 501 , 523 , 776 , 450
D , 232 , 154 , -200 , 56 , 494 , 506 , 920 , 450
D , 233 , 184 , -92 , 23 , 488 , 499 , 1000 , 450
D , 234 , 199 , -61 , -43 , 486 , 491 , 1000 , 450
D , 235 , 184 , -136 , -137 , 490 , 484 , 963 , 450
D , 236 , 134 , -298 , -140 , 493 , 491 , 776 , 450
D , 237 , 59 , -495 , -4 , 490 , 492 , 553 , 450
D , 238 , -28 , -688 , 0 , 499 , 485 , 301 , 450
D , 239 , -119 , -859 , -83 , 499 , 485 , 73 , 450
D , 240 , -228 , -979 , -148 , 508 , 480 , -126 , 450
D , 241 , -305 , -1051 , -111 , 503 , 490 , -256 , 450
D , 242 , -369 , -1075 , -110 , 508 , 480 , -324 , 450
D , 243 , -416 , -1036 , -14 , 510 , 475 , -334 , 450
D , 244 , -437 , -913 , 65 , 500 , 446 , -247 , 450
D , 245 , -423 , -697 , 79 , 500 , 446 , -98 , 450
D , 246 , -368 , -396 , -17 , 464 , 420 , 178 , 450
D , 247 , -282 , -63 , -106 , 452 , 399 , 513 , 450
D , 248 , -179 , 254 , -74 , 433 , 384 , 854 , 450
D , 249 , -75 , 512 , 5 , 433 , 384 , 1000 , 450
D , 250 , 42 , 695 , 6 , 403 , 357 , 1000 , 450
D , 251 , 116 , 785 , -64 , 403 , 357 , 1000 , 450
D , 252 , 159 , 760 , -52 , 401 , 352 , 1000 , 450
D , 253 , 163 , 621 , -1 , 401 , 352 , 1000 , 450
D , 254 , 130 , 397 , -25 , 413 , 358 , 1000 , 450
D , 255 , 69 , 137 , -137 , 413 , 358 , 940 , 450
D , 256 , -8 , -123 , -235 , 414 , 360 , 646 , 450
D , 257 , -93 , -356 , -116 , 414 , 360 , 368 , 450
D , 258 , -180 , -561 , 137 , 421 , 362 , 110 , 450
D , 259 , -265 , -722 , 114 , 421 , 362 , -88 , 450
D , 260 , -363 , -836 , 54 , 418 , 372 , -208 , 450
D , 261 , -430 , -896 , -99 , 418 , 372 , -374 , 450
D , 262 , -478 , -882 , -191 , 411 , 381 , -393 , 450
D , 263 , -498 , -776 , -192 , 411 , 381 , -317 , 450
D , 264 , -478 , -563 , 2 , 398 , 389 , -123 , 450
D , 265 , -421 , -281 , 171 , 398 , 389 , 193 , 450
D , 266 , -339 , 20 , 252 , 392 , 372 , 536 , 450
D , 267 , -243 , 303 , 161 , 392 , 372 , 861 , 450
D , 268 , -148 , 532 , -53 , 398 , 372 , 1000 , 450
D , 269 , -37 , 699 , -140 , 398 , 372 , 1000 , 450
D , 270 , 35 , 788 , -112 , 390 , 377 , 1000 , 450
D , 271 , 77 , 753 , -4 , 390 , 377 , 1000 , 450
D , 272 , 79 , 603 , 43 , 408 , 391 , 1000 , 450
D , 273 , 43 , 381 , -11 , 408 , 391 , 1000 , 450
D , 274 , -15 , 139 , -5 , 418 , 412 , 1000 , 450
D , 275 , -87 , -99 , -99 , 433 , 418 , 836 , 450
D , 276 , -164 , -321 , -189 , 437 , 421 , 610 , 450
D , 277 , -244 , -511 , -109 , 437 , 421 , 384 , 450
D , 278 , -325 , -679 , 113 , 448 , 423 , 180 , 450
D , 279 , -426 , -816 , 241 , 448 , 423 , -24 , 450
D , 280 , -504 , -922 , 188 , 445 , 425 , -249 , 450
D , 281 , -577 , -997 , 128 , 445 , 425 , -314 , 450
D , 282 , -639 , -1018 , 23 , 447 , 416 , -396 , 450
D , 283 , -681 , -961 , -75 , 447 , 416 , -383 , 450
D , 284 , -689 , -808 , -78 , 447 , 414 , -256 , 450
D , 285 , -658 , -560 , -8 , 447 , 414 , -5 , 450
D , 286 , -591 , -244 , 52 , 447 , 424 , 341 , 450
D , 287 , -471 , 94 , 91 , 435 , 427 , 782 , 450
D , 288 , -365 , 389 , 48 , 436 , 430 , 1000 , 450
D , 289 , -263 , 623 , 37 , 435 , 430 , 1000 , 450
D , 290 , -173 , 779 , 2 , 433 , 430 , 1000 , 450
D , 291 , -106 , 831 , -18 , 428 , 424 , 1000 , 450
D , 292 , -77 , 751 , -41 , 427 , 422 , 1000 , 450
D , 293 , -90 , 558 , -25 , 425 , 415 , 1000 , 450
D , 294 , -141 , 294 , 18 , 419 , 403 , 1000 , 450
D , 295 , -216 , 11 , 51 , 411 , 400 , 957 , 450
D , 296 , -305 , -262 , -1 , 406 , 395 , 620 , 450
D , 297 , -398 , -497 , 12 , 401 , 400 , 318 , 450
D , 298 , -513 , -694 , 128 , 392 , 403 , 31 , 450
D , 299 , -604 , -856 , 222 , 388 , 407 , -199 , 450
S, 10 , 600 , 7393 , 1 , 1 , 878 , 539 , 449 , 1660 , 366
D , 0 , 0 , 566 , -21 , 757 , 716 , 1000 , 387
D , 1 , 2 , 449 , -93 , 749 , 753 , 1000 , 387
D , 2 , -29 , 261 , 27 , 747 , 756 , 1000 , 388
D , 3 , -83 , 53 , 108 , 743 , 755 , 1000 , 389
D , 4 , -146 , -134 , -17 , 743 , 707 , 803 , 390
D , 5 , -202 , -278 , -253 , 745 , 705 , 543 , 390
D , 6 , -255 , -392 , -271 , 750 , 704 , 385 , 391
D , 7 , -304 , -474 , 52 , 749 , 749 , 265 , 392
D , 8 , -357 , -521 , 124 , 754 , 700 , 231 , 393
D , 9 , -389 , -527 , 238 , 756 , 708 , 123 , 393
D , 10 , -408 , -488 , 35 , 762 , 704 , 149 , 394
D , 11 , -410 , -400 , -116 , 758 , 705 , 225 , 395
D , 12 , -389 , -252 , -204 , 754 , 705 , 370 , 396
D , 13 , -342 , -55 , -92 , 740 , 703 , 583 , 396
D , 14 , -274 , 172 , 195 , 744 , 702 , 828 , 397
D , 15 , -195 , 386 , 282 , 744 , 706 , 1000 , 398
D , 16 , -111 , 579 , 19 , 739 , 707 , 1000 , 399
D , 17 , -31 , 723 , -220 , 748 , 712 , 1000 , 399
D , 18 , 47 , 767 , -137 , 744 , 741 , 1000 , 400
D , 19 , 77 , 710 , 68 , 747 , 755 , 1000 , 401
D , 20 , 73 , 561 , 161 , 748 , 770 , 1000 , 402
D , 21 , 43 , 374 , 53 , 755 , 743 , 1000 , 402
D , 22 , 0 , 181 , -124 , 761 , 737 , 1000 , 403
D , 23 , -50 , 6 , -162 , 766 , 736 , 985 , 404
D , 24 , -99 , -138 , -83 , 766 , 785 , 810 , 405
D , 25 , -146 , -250 , 262 , 759 , 784 , 734 , 405
D , 26 , -185 , -321 , 210 , 760 , 788 , 616 , 406
D , 27 , -222 , -375 , 0 , 762 , 752 , 535 , 407
D , 28 , -263 , -412 , -113 , 759 , 796 , 406 , 408
D , 29 , -292 , -437 , -19 , 759 , 790 , 412 , 408
D , 30 , -319 , -445 , 129 , 762 , 798 , 365 , 409
D , 31 , -339 , -440 , 160 , 768 , 802 , 362 , 410
D , 32 , -357 , -421 , 163 , 774 , 815 , 371 , 411
D , 33 , -368 , -385 , 108 , 792 , 819 , 417 , 411
D , 34 , -372 , -334 , 80 , 795 , 836 , 489 , 412
D , 35 , -364 , -252 , -33 , 799 , 846 , 596 , 413
D , 36 , -343 , -138 , -46 , 810 , 861 , 737 , 414
D , 37 , -300 , -7 , 16 , 807 , 875 , 933 , 414
D , 38 , -259 , 121 , 41 , 810 , 874 , 1000 , 415
D , 39 , -213 , 241 , -18 , 801 , 861 , 1000 , 416
D , 40 , -167 , 336 , -158 , 795 , 853 , 1000 , 417
D , 41 , -135 , 358 , -151 , 792 , 841 , 1000 , 417
D , 42 , -131 , 279 , -43 , 785 , 835 , 1000 , 418
D , 43 , -157 , 139 , 175 , 783 , 835 , 1000 , 419
D , 44 , -203 , -32 , 259 , 782 , 832 , 921 , 420
D , 45 , -260 , -199 , 105 , 791 , 832 , 705 , 420
D , 46 , -334 , -347 , -178 , 792 , 831 , 509 , 421
D , 47 , -392 , -466 , -207 , 792 , 826 , 341 , 422
D , 48 , -445 , -544 , -130 , 792 , 826 , 206 , 423
D , 49 , -490 , -590 , 19 , 797 , 827 , 116 , 423
D , 50 , -523 , -583 , -23 , 792 , 828 , 94 , 424
D , 51 , -539 , -525 , -34 , 790 , 820 , 118 , 425
D , 52 , -536 , -415 , 52 , 790 , 810 , 201 , 426
D , 53 , -506 , -236 , 77 , 780 , 806 , 371 , 426
D , 54 , -449 , -11 , 21 , 771 , 788 , 604 , 427
D , 55 , -370 , 242 , -145 , 761 , 774 , 867 , 428
D , 56 , -280 , 487 , -155 , 755 , 760 , 1000 , 429
D , 57 , -163 , 686 , 41 , 749 , 744 , 1000 , 429
D , 58 , -75 , 832 , 205 , 747 , 738 , 1000 , 430
D , 59 , -6 , 889 , 205 , 751 , 744 , 1000 , 431
D , 60 , 31 , 834 , 47 , 765 , 752 , 1000 , 432
D , 61 , 34 , 691 , -133 , 765 , 759 , 1000 , 432
D , 62 , 11 , 502 , -174 , 762 , 762 , 1000 , 433
D , 63 , -22 , 324 , 16 , 761 , 764 , 1000 , 434
D , 64 , -60 , 175 , 156 , 763 , 766 , 1000 , 435
D , 65 , -95 , 47 , 251 , 767 , 774 , 924 , 435
D , 66 , -131 , -58 , 74 , 766 , 774 , 809 , 436
D , 67 , -173 , -151 , 9 , 767 , 771 , 680 , 437
D , 68 , -208 , -232 , -100 , 773 , 786 , 567 , 438
D , 69 , -243 , -302 , -20 , 775 , 787 , 498 , 438
D , 70 , -278 , -363 , 93 , 790 , 788 , 409 , 439
D , 71 , -310 , -399 , 72 , 791 , 792 , 366 , 440
D , 72 , -338 , -414 , 60 , 801 , 803 , 328 , 441
D , 73 , -357 , -401 , -106 , 816 , 812 , 348 , 441
D , 74 , -367 , -357 , -108 , 828 , 828 , 409 , 442
D , 75 , -362 , -275 , -18 , 838 , 840 , 525 , 443
D , 76 , -334 , -144 , 167 , 815 , 853 , 701 , 444
D , 77 , -295 , -1 , 189 , 858 , 870 , 850 , 444
D , 78 , -246 , 147 , -30 , 830 , 883 , 1000 , 445
D , 79 , -194 , 281 , -146 , 864 , 880 , 1000 , 446
D , 80 , -141 , 391 , -91 , 820 , 870 , 1000 , 447
D , 81 , -97 , 450 , -24 , 812 , 863 , 1000 , 447
D , 82 , -71 , 430 , 84 , 803 , 865 , 1000 , 448
D , 83 , -76 , 318 , 48 , 807 , 860 , 1000 , 449
D , 84 , -109 , 151 , 51 , 796 , 854 , 1000 , 450
D , 85 , -162 , -31 , 89 , 786 , 856 , 921 , 450
D , 86 , -234 , -191 , 130 , 782 , 854 , 691 , 451
D , 87 , -288 , -312 , -71 , 781 , 851 , 517 , 452
D , 88 , -334 , -400 , -183 , 783 , 843 , 382 , 453
D , 89 , -375 , -460 , -67 , 783 , 848 , 274 , 453
D , 90 , -410 , -486 , 180 , 779 , 842 , 219 , 454
D , 91 , -435 , -478 , 229 , 777 , 846 , 185 , 455
D , 92 , -446 , -418 , 58 , 775 , 836 , 224 , 456
D , 93 , -436 , -299 , -345 , 772 , 827 , 318 , 456
D , 94 , -401 , -134 , -440 , 768 , 820 , 479 , 457
D , 95 , -347 , 72 , -22 , 763 , 814 , 697 , 458
D , 96 , -260 , 281 , 411 , 795 , 803 , 954 , 459
D , 97 , -180 , 483 , 374 , 760 , 792 , 1000 , 459
D , 98 , -98 , 657 , -36 , 795 , 783 , 1000 , 460
D , 99 , -19 , 779 , -211 , 755 , 791 , 1000 , 461
D , 100 , 41 , 820 , -278 , 783 , 794 , 1000 , 462
D , 101 , 71 , 756 , 33 , 784 , 799 , 1000 , 462
D , 102 , 69 , 605 , 301 , 794 , 804 , 1000 , 463
D , 103 , 41 , 420 , 235 , 790 , 810 , 1000 , 464
D , 104 , 2 , 236 , -37 , 803 , 818 , 1000 , 465
D , 105 , -36 , 89 , -258 , 804 , 813 , 1000 , 465
D , 106 , -83 , -26 , -97 , 807 , 815 , 914 , 466
D , 107 , -114 , -111 , 42 , 809 , 813 , 812 , 467
D , 108 , -142 , -168 , 135 , 810 , 821 , 730 , 468
D , 109 , -164 , -205 , 51 , 807 , 825 , 685 , 468
D , 110 , -185 , -233 , 101 , 809 , 828 , 637 , 469
D , 111 , -205 , -267 , 46 , 822 , 835 , 591 , 470
D , 112 , -230 , -302 , 52 , 827 , 841 , 562 , 471
D , 113 , -255 , -333 , 115 , 832 , 866 , 523 , 471
D , 114 , -279 , -351 , 66 , 845 , 874 , 524 , 472
D , 115 , -303 , -345 , 65 , 863 , 889 , 532 , 473
D , 116 , -316 , -332 , -31 , 878 , 916 , 577 , 474
D , 117 , -321 , -286 , -136 , 888 , 936 , 673 , 474
D , 118 , -318 , -235 , -39 , 897 , 957 , 764 , 475
D , 119 , -310 , -169 , 145 , 918 , 960 , 872 , 476
D , 120 , -296 , -99 , 188 , 926 , 970 , 982 , 477
D , 121 , -282 , -42 , 149 , 928 , 975 , 1000 , 477
D , 122 , -265 , 14 , 56 , 929 , 969 , 1000 , 478
D , 123 , -250 , 47 , -41 , 921 , 967 , 1000 , 479
D , 124 , -243 , 19 , -64 , 917 , 963 , 1000 , 480
D , 125 , -260 , -56 , 2 , 914 , 963 , 1000 , 480
D , 126 , -297 , -175 , -18 , 912 , 962 , 899 , 481
D , 127 , -350 , -323 , -11 , 908 , 969 , 707 , 482
D , 128 , -410 , -454 , 11 , 908 , 956 , 531 , 483
D , 129 , -471 , -565 , 37 , 912 , 952 , 347 , 483
D , 130 , -528 , -639 , -130 , 919 , 953 , 220 , 484
D , 131 , -576 , -684 , -69 , 907 , 961 , 138 , 485
D , 132 , -614 , -678 , 44 , 908 , 951 , 95 , 486
D , 133 , -631 , -614 , 77 , 903 , 933 , 117 , 486
D , 134 , -624 , -451 , -47 , 897 , 930 , 229 , 487
D , 135 , -574 , -223 , -131 , 882 , 910 , 466 , 488
D , 136 , -503 , 38 , -102 , 864 , 885 , 715 , 489
D , 137 , -415 , 309 , -23 , 852 , 869 , 978 , 489
D , 138 , -318 , 555 , 89 , 834 , 845 , 1000 , 490
D , 139 , -220 , 753 , 179 , 813 , 830 , 1000 , 491
D , 140 , -131 , 892 , 35 , 811 , 817 , 1000 , 492
D , 141 , -59 , 945 , -162 , 807 , 808 , 1000 , 492
D , 142 , -19 , 889 , -185 , 802 , 808 , 1000 , 493
D , 143 , -15 , 744 , -111 , 810 , 808 , 1000 , 494
D , 144 , -40 , 552 , 72 , 807 , 813 , 1000 , 495
D , 145 , -72 , 377 , 19 , 808 , 811 , 1000 , 495
D , 146 , -105 , 231 , -55 , 809 , 814 , 1000 , 496
D , 147 , -133 , 118 , -11 , 815 , 812 , 902 , 497
D , 148 , -156 , 38 , 51 , 805 , 819 , 812 , 498
D , 149 , -176 , -21 , -120 , 810 , 817 , 731 , 498
D , 150 , -194 , -68 , -206 , 808 , 823 , 674 , 499
D , 151 , -212 , -118 , -15 , 816 , 815 , 614 , 500
D , 152 , -232 , -157 , 170 , 813 , 828 , 557 , 501
D , 153 , -251 , -188 , 63 , 828 , 839 , 522 , 501
D , 154 , -271 , -204 , -67 , 835 , 839 , 524 , 502
D , 155 , -286 , -212 , -34 , 853 , 859 , 509 , 503
D , 156 , -294 , -201 , 114 , 868 , 880 , 619 , 504
D , 157 , -298 , -180 , 200 , 882 , 899 , 630 , 504
D , 158 , -296 , -141 , -32 , 899 , 919 , 714 , 505
D , 159 , -288 , -91 , -111 , 922 , 940 , 819 , 506
D , 160 , -274 , -30 , -66 , 926 , 953 , 951 , 507
D , 161 , -253 , 41 , 82 , 934 , 959 , 1000 , 507
D , 162 , -227 , 116 , -8 , 932 , 955 , 1000 , 508
D , 163 , -194 , 169 , -95 , 936 , 953 , 1000 , 509
D , 164 , -177 , 177 , -138 , 935 , 945 , 1000 , 510
D , 165 , -177 , 127 , -208 , 935 , 946 , 1000 , 510
D , 166 , -196 , 35 , -29 , 934 , 935 , 1000 , 511
D , 167 , -232 , -87 , 100 , 932 , 937 , 941 , 512
D , 168 , -276 , -212 , 135 , 941 , 937 , 783 , 513
D , 169 , -325 , -327 , -91 , 935 , 937 , 642 , 513
D , 170 , -372 , -416 , -127 , 934 , 881 , 503 , 514
D , 171 , -417 , -479 , -25 , 930 , 924 , 312 , 515
D , 172 , -454 , -514 , 239 , 936 , 934 , 298 , 516
D , 173 , -496 , -526 , 116 , 932 , 935 , 264 , 516
D , 174 , -519 , -509 , 44 , 930 , 939 , 248 , 517
D , 175 , -528 , -443 , -153 , 920 , 935 , 296 , 518
D , 176 , -515 , -314 , -109 , 913 , 888 , 399 , 519
D , 177 , -479 , -135 , -115 , 907 , 874 , 511 , 519
D , 178 , -418 , 81 , -42 , 895 , 902 , 732 , 520
D , 179 , -343 , 302 , 72 , 886 , 885 , 1000 , 521
D , 180 , -261 , 505 , 84 , 881 , 841 , 1000 , 522
D , 181 , -175 , 684 , 9 , 864 , 826 , 1000 , 522
D , 182 , -94 , 794 , -34 , 860 , 818 , 1000 , 523
D , 183 , -20 , 810 , -125 , 853 , 812 , 1000 , 524
D , 184 , 3 , 733 , -36 , 852 , 815 , 1000 , 525
D , 185 , -3 , 579 , 65 , 850 , 814 , 1000 , 525
D , 186 , -30 , 408 , 126 , 856 , 817 , 1000 , 526
D , 187 , -68 , 236 , 99 , 856 , 822 , 1000 , 527
D , 188 , -104 , 92 , 72 , 856 , 815 , 902 , 528
D , 189 , -137 , -9 , 61 , 859 , 814 , 767 , 528
D , 190 , -167 , -91 , -19 , 850 , 872 , 661 , 529
D , 191 , -192 , -139 , 36 , 856 , 833 , 664 , 530
D , 192 , -211 , -169 , 40 , 852 , 833 , 565 , 531
D , 193 , -230 , -181 , 127 , 852 , 826 , 527 , 531
D , 194 , -242 , -186 , 142 , 853 , 837 , 497 , 532
D , 195 , -249 , -176 , 159 , 855 , 841 , 514 , 533
D , 196 , -251 , -152 , 22 , 818 , 887 , 540 , 534
D , 197 , -249 , -118 , -115 , 874 , 899 , 583 , 534
D , 198 , -240 , -67 , -172 , 843 , 874 , 737 , 535
D , 199 , -226 , -9 , -2 , 887 , 890 , 716 , 536
D , 200 , -204 , 66 , 140 , 854 , 929 , 893 , 537
D , 201 , -175 , 148 , 225 , 870 , 980 , 1000 , 537
D , 202 , -140 , 241 , 47 , 879 , 951 , 1000 , 538
D , 203 , -93 , 305 , -127 , 922 , 955 , 1000 , 539
D , 204 , -66 , 326 , -116 , 878 , 949 , 1000 , 540
D , 205 , -58 , 280 , -98 , 881 , 947 , 1000 , 540
D , 206 , -71 , 181 , -54 , 872 , 947 , 1000 , 541
D , 207 , -46 , 361 , -878 , 868 , 934 , 1000 , 542
D , 208 , 19 , 454 , -1159 , 866 , 926 , 1000 , 543
D , 209 , 62 , 501 , -459 , 867 , 918 , 1000 , 543
D , 210 , 114 , 694 , 357 , 869 , 936 , 1000 , 544
D , 211 , 345 , 1365 , 943 , 842 , 915 , 1000 , 545
T , 212 , 634 , 1813 , 691 , 839 , 908 , 1000 , 546
D , 213 , 846 , 2229 , -511 , 839 , 908 , 1000 , 546
D , 214 , 911 , 1975 , -732 , 876 , 858 , 1000 , 546
D , 215 , 917 , 1709 , -603 , 876 , 858 , 1000 , 546
D , 216 , 953 , 1612 , -458 , 945 , 904 , 1000 , 546
D , 217 , 1020 , 1580 , 325 , 945 , 904 , 1000 , 546
D , 218 , 1066 , 1464 , 523 , 917 , 882 , 1000 , 546
D , 219 , 1043 , 1070 , 607 , 917 , 882 , 1000 , 546
D , 220 , 934 , 501 , -148 , 939 , 877 , 1000 , 546
D , 221 , 767 , 3 , -79 , 939 , 877 , 1000 , 546
D , 222 , 612 , -328 , -426 , 951 , 905 , 1000 , 546
D , 223 , 479 , -713 , -224 , 912 , 907 , 1000 , 546
D , 224 , 317 , -1128 , -15 , 960 , 915 , 1000 , 546
D , 225 , 162 , -1303 , -509 , 960 , 915 , 1000 , 546
D , 226 , 60 , -1447 , -500 , 966 , 904 , 1000 , 546
D , 227 , -53 , -1536 , 390 , 966 , 904 , 1000 , 546
D , 228 , -124 , -1495 , 799 , 952 , 941 , 1000 , 546
D , 229 , -198 , -1526 , 1080 , 952 , 941 , 1000 , 546
D , 230 , -290 , -1566 , -76 , 966 , 938 , 1000 , 546
D , 231 , -362 , -1564 , -613 , 966 , 938 , 1000 , 546
D , 232 , -484 , -1706 , -786 , 1021 , 912 , 1000 , 546
D , 233 , -618 , -1880 , -118 , 1021 , 912 , 1000 , 546
D , 234 , -796 , -2175 , 385 , 949 , 969 , 623 , 546
D , 235 , -1012 , -2542 , 475 , 949 , 969 , 62 , 546
D , 236 , -1255 , -2890 , 217 , 938 , 960 , -447 , 546
D , 237 , -1479 , -3093 , -204 , 938 , 960 , -904 , 546
D , 238 , -1659 , -3134 , 136 , 988 , 950 , -1000 , 546
D , 239 , -1812 , -3123 , -36 , 988 , 950 , -1000 , 546
D , 240 , -1954 , -3077 , -647 , 910 , 909 , -1000 , 546
D , 241 , -2127 , -3071 , -430 , 857 , 864 , -1000 , 546
D , 242 , -2278 , -3085 , 27 , 830 , 819 , -1000 , 546
D , 243 , -2440 , -3131 , 315 , 830 , 819 , -1000 , 546
D , 244 , -2604 , -3146 , 482 , 732 , 735 , -1000 , 546
D , 245 , -2744 , -3069 , 305 , 732 , 735 , -1000 , 546
D , 246 , -2847 , -2897 , 91 , 608 , 626 , -1000 , 546
D , 247 , -2925 , -2695 , -83 , 608 , 626 , -1000 , 546
D , 248 , -2989 , -2489 , -183 , 480 , 464 , -1000 , 546
D , 249 , -3048 , -2302 , -137 , 480 , 464 , -1000 , 546
D , 250 , -3099 , -2100 , -125 , 307 , 299 , -1000 , 546
D , 251 , -3145 , -1893 , -160 , 307 , 299 , -1000 , 546
D , 252 , -3171 , -1682 , -181 , 130 , 179 , -1000 , 546
D , 253 , -3186 , -1477 , -66 , 130 , 179 , -1000 , 546
D , 254 , -3193 , -1278 , 156 , -12 , 6 , -1000 , 546
D , 255 , -3192 , -1085 , 309 , -12 , 6 , -1000 , 546
D , 256 , -3186 , -911 , 128 , -188 , -193 , -1000 , 546
D , 257 , -3183 , -778 , -28 , -300 , -265 , -1000 , 546
D , 258 , -3189 , -693 , -179 , -379 , -337 , -1000 , 546
D , 259 , -3202 , -639 , -76 , -379 , -337 , -1000 , 546
D , 260 , -3218 , -586 , 49 , -511 , -456 , -1000 , 546
D , 261 , -3229 , -519 , 15 , -567 , -516 , -1000 , 546
D , 262 , -3228 , -437 , -7 , -612 , -572 , -1000 , 546
D , 263 , -3222 , -349 , -127 , -660 , -619 , -1000 , 546
D , 264 , -3214 , -270 , 37 , -707 , -674 , -1000 , 546
D , 265 , -3208 , -218 , 162 , -707 , -674 , -1000 , 546
D , 266 , -3207 , -190 , 233 , -772 , -743 , -1000 , 546
D , 267 , -3208 , -168 , 110 , -772 , -743 , -1000 , 546
D , 268 , -3205 , -133 , -121 , -819 , -804 , -1000 , 546
D , 269 , -3201 , -102 , -132 , -819 , -804 , -1000 , 546
D , 270 , -3205 , -105 , 54 , -871 , -855 , -1000 , 546
D , 271 , -3215 , -127 , 58 , -871 , -855 , -1000 , 546
D , 272 , -3231 , -160 , 16 , -922 , -900 , -1000 , 546
D , 273 , -3244 , -170 , -150 , -922 , -900 , -1000 , 546
D , 274 , -3254 , -169 , -120 , -948 , -948 , -1000 , 546
D , 275 , -3259 , -157 , -104 , -948 , -948 , -1000 , 546
D , 276 , -3267 , -161 , 139 , -980 , -985 , -1000 , 546
D , 277 , -3275 , -161 , 29 , -980 , -985 , -1000 , 546
D , 278 , -3288 , -188 , -149 , -1006 , -998 , -1000 , 546
D , 279 , -3309 , -233 , -130 , -1006 , -998 , -1000 , 546
D , 280 , -3349 , -297 , -53 , -1004 , -1022 , -1000 , 546
D , 281 , -3383 , -363 , 114 , -1012 , -1029 , -1000 , 546
D , 282 , -3420 , -421 , 45 , -1018 , -1035 , -1000 , 546
D , 283 , -3458 , -476 , 95 , -1018 , -1035 , -1000 , 546
D , 284 , -3493 , -501 , -265 , -1026 , -1055 , -1000 , 546
D , 285 , -3525 , -518 , -369 , -1045 , -1061 , -1000 , 546
D , 286 , -3557 , -544 , -251 , -1055 , -1076 , -1000 , 546
D , 287 , -3608 , -641 , -186 , -1055 , -1076 , -1000 , 546
D , 288 , -3672 , -752 , -49 , -1074 , -1090 , -1000 , 546
D , 289 , -3743 , -844 , -169 , -1074 , -1087 , -1000 , 546
D , 290 , -3822 , -905 , -134 , -1081 , -1093 , -1000 , 546
D , 291 , -3879 , -936 , -3 , -1081 , -1093 , -1000 , 546
D , 292 , -3936 , -964 , -60 , -1095 , -1113 , -1000 , 546
D , 293 , -3995 , -1007 , 61 , -1100 , -1112 , -1000 , 546
D , 294 , -4061 , -1067 , -15 , -1106 , -1111 , -1000 , 546
D , 295 , -4136 , -1146 , 0 , -1106 , -1111 , -1000 , 546
D , 296 , -4221 , -1240 , 35 , -1118 , -1121 , -1000 , 546
D , 297 , -4309 , -1318 , -165 , -1127 , -1138 , -1000 , 546
D , 298 , -4396 , -1389 , -134 , -1127 , -1147 , -1000 , 546
D , 299 , -4492 , -1493 , -25 , -1137 , -1151 , -1000 , 546
S, 11 , 750 , 7389 , 1 , 0 , -276 , 292 , 168 , 801 , 300
D , 0 , 137 , 488 , 129 , 611 , 609 , 1000 , 336
D , 1 , 93 , 283 , 121 , 613 , 609 , 1000 , 337
D , 2 , 48 , 101 , 30 , 615 , 611 , 963 , 338
D , 3 , -8 , -38 , -165 , 621 , 618 , 798 , 339
D , 4 , -53 , -162 , -237 , 621 , 618 , 640 , 339
D , 5 , -97 , -267 , -88 , 624 , 633 , 527 , 340
D , 6 , -141 , -356 , -55 , 628 , 633 , 406 , 341
D , 7 , -183 , -427 , 105 , 634 , 628 , 299 , 342
D , 8 , -222 , -476 , 38 , 639 , 661 , 248 , 342
D , 9 , -257 , -506 , -97 , 639 , 661 , 203 , 343
D , 10 , -287 , -516 , -54 , 646 , 658 , 165 , 344
D , 11 , -310 , -498 , 78 , 663 , 672 , 201 , 345
D , 12 , -320 , -426 , 145 , 686 , 693 , 316 , 345
D , 13 , -308 , -306 , 124 , 696 , 713 , 477 , 346
D , 14 , -273 , -136 , -60 , 707 , 728 , 698 , 347
D , 15 , -219 , 58 , -159 , 716 , 730 , 940 , 348
D , 16 , -154 , 248 , -81 , 727 , 739 , 1000 , 348
D , 17 , -85 , 412 , 64 , 725 , 735 , 1000 , 349
D , 18 , -20 , 530 , -14 , 723 , 732 , 1000 , 350
D , 19 , 25 , 560 , -92 , 722 , 730 , 1000 , 351
D , 20 , 39 , 481 , -58 , 721 , 718 , 1000 , 351
D , 21 , 16 , 281 , -30 , 718 , 720 , 1000 , 352
D , 22 , -52 , 58 , 28 , 718 , 714 , 1000 , 353
D , 23 , -121 , -150 , 42 , 725 , 711 , 831 , 354
D , 24 , -188 , -324 , 95 , 723 , 723 , 620 , 354
D , 25 , -249 , -452 , 146 , 726 , 718 , 438 , 355
D , 26 , -304 , -541 , 20 , 733 , 725 , 321 , 356
D , 27 , -353 , -602 , -5 , 730 , 733 , 220 , 357
D , 28 , -394 , -622 , -50 , 732 , 731 , 157 , 357
D , 29 , -424 , -607 , -21 , 722 , 731 , 120 , 358
D , 30 , -441 , -549 , 68 , 713 , 728 , 132 , 359
D , 31 , -438 , -427 , 0 , 705 , 721 , 217 , 360
D , 32 , -406 , -256 , -98 , 690 , 705 , 352 , 360
D , 33 , -354 , -49 , -120 , 685 , 695 , 562 , 361
D , 34 , -286 , 167 , -103 , 672 , 689 , 794 , 362
D , 35 , -210 , 377 , -4 , 671 , 683 , 1000 , 363
D , 36 , -131 , 553 , 93 , 666 , 677 , 1000 , 363
D , 37 , -57 , 679 , 182 , 675 , 677 , 1000 , 364
D , 38 , -1 , 713 , 48 , 678 , 679 , 1000 , 365
D , 39 , 20 , 634 , -190 , 679 , 682 , 1000 , 366
D , 40 , 5 , 462 , -242 , 681 , 689 , 1000 , 366
D , 41 , -51 , 236 , -125 , 680 , 692 , 1000 , 367
D , 42 , -107 , 29 , 144 , 680 , 692 , 863 , 368
D , 43 , -163 , -129 , 119 , 671 , 693 , 651 , 369
D , 44 , -214 , -258 , -48 , 674 , 681 , 468 , 369
D , 45 , -264 , -360 , -75 , 679 , 679 , 329 , 370
D , 46 , -287 , -255 , 271 , 666 , 675 , 367 , 371
D , 47 , -216 , 4 , 567 , 640 , 672 , 623 , 372
D , 48 , -149 , 179 , 699 , 631 , 624 , 760 , 372
D , 49 , -128 , 167 , 805 , 640 , 619 , 776 , 373
D , 50 , -123 , 153 , 526 , 636 , 678 , 849 , 374
D , 51 , -112 , 163 , 116 , 634 , 684 , 873 , 375
D , 52 , -87 , 248 , -78 , 628 , 660 , 927 , 375
D , 53 , -40 , 350 , 119 , 627 , 665 , 1000 , 376
D , 54 , -5 , 385 , 531 , 634 , 682 , 1000 , 377
D , 55 , 16 , 383 , 586 , 644 , 712 , 1000 , 378
D , 56 , 26 , 366 , 663 , 683 , 745 , 1000 , 378
D , 57 , 37 , 334 , 279 , 703 , 773 , 1000 , 379
D , 58 , 46 , 304 , 17 , 707 , 790 , 1000 , 380
D , 59 , 50 , 251 , -112 , 714 , 803 , 1000 , 381
D , 60 , 33 , 154 , 231 , 693 , 814 , 1000 , 381
D , 61 , -11 , -60 , 642 , 695 , 828 , 1000 , 382
D , 62 , -84 , -265 , 870 , 701 , 858 , 867 , 383
D , 63 , -145 , -388 , 833 , 699 , 874 , 713 , 384
D , 64 , -203 , -489 , 610 , 689 , 888 , 568 , 384
D , 65 , -252 , -566 , 190 , 682 , 912 , 471 , 385
D , 66 , -299 , -619 , 236 , 718 , 926 , 448 , 386
D , 67 , -340 , -643 , 335 , 748 , 927 , 427 , 387
D , 68 , -387 , -690 , 575 , 731 , 977 , 383 , 387
D , 69 , -434 , -744 , 784 , 701 , 988 , 254 , 388
D , 70 , -519 , -878 , 1099 , 685 , 953 , -31 , 389
D , 71 , -613 , -1046 , 633 , 676 , 973 , -263 , 390
D , 72 , -660 , -910 , -583 , 675 , 1019 , -129 , 390
D , 73 , -614 , -566 , -162 , 668 , 992 , 165 , 391
D , 74 , -522 , -229 , 28 , 617 , 938 , 483 , 392
D , 75 , -451 , -4 , -361 , 617 , 938 , 665 , 393
D , 76 , -395 , 140 , -520 , 555 , 904 , 705 , 393
D , 77 , -356 , 220 , -272 , 518 , 879 , 721 , 394
D , 78 , -331 , 250 , 119 , 499 , 876 , 740 , 395
D , 79 , -318 , 203 , 487 , 456 , 838 , 588 , 396
D , 80 , -344 , 64 , 235 , 451 , 808 , 385 , 396
D , 81 , -397 , -143 , -328 , 426 , 775 , 57 , 397
D , 82 , -482 , -383 , -531 , 397 , 709 , -386 , 398
D , 83 , -558 , -521 , -20 , 380 , 669 , -675 , 399
D , 84 , -632 , -685 , 207 , 350 , 630 , -1000 , 399
D , 85 , -728 , -884 , 500 , 312 , 576 , -1000 , 400
D , 86 , -797 , -893 , 68 , 243 , 538 , -1000 , 401
D , 87 , -829 , -851 , 224 , 191 , 493 , -1000 , 402
D , 88 , -848 , -760 , -31 , 175 , 440 , -1000 , 402
D , 89 , -835 , -585 , -433 , 160 , 376 , -1000 , 403
D , 90 , -790 , -324 , -442 , 132 , 303 , -1000 , 404
D , 91 , -713 , -23 , -62 , 86 , 225 , -1000 , 405
D , 92 , -613 , 288 , 230 , 38 , 160 , -1000 , 405
D , 93 , -501 , 588 , 396 , -4 , 125 , -1000 , 406
D , 94 , -379 , 863 , 336 , -35 , 79 , -811 , 407
D , 95 , -255 , 1108 , 130 , -78 , 29 , -607 , 408
D , 96 , -128 , 1326 , 19 , -116 , -16 , -407 , 408
D , 97 , -1 , 1509 , -125 , -160 , -76 , -269 , 409
D , 98 , 126 , 1669 , -115 , -209 , -145 , -173 , 410
D , 99 , 285 , 1797 , -8 , -251 , -195 , -32 , 411
T , 100 , 406 , 1887 , 11 , -306 , -247 , 1000 , 411
D , 101 , 518 , 1930 , 14 , -354 , -316 , 1000 , 411
D , 102 , 613 , 1907 , -118 , -397 , -355 , 1000 , 411
D , 103 , 678 , 1785 , -185 , -447 , -406 , 966 , 411
D , 104 , 706 , 1573 , -145 , -473 , -435 , 725 , 411
D , 105 , 701 , 1301 , 83 , -486 , -456 , 434 , 411
D , 106 , 670 , 999 , 294 , -490 , -472 , 110 , 411
D , 107 , 619 , 693 , 86 , -482 , -459 , -174 , 411
D , 108 , 558 , 398 , -176 , -477 , -453 , -480 , 411
D , 109 , 477 , 152 , -217 , -469 , -436 , -739 , 411
D , 110 , 418 , -29 , -74 , -448 , -416 , -896 , 411
D , 111 , 372 , -144 , 123 , -416 , -394 , -965 , 411
D , 112 , 342 , -188 , 183 , -388 , -370 , -958 , 411
D , 113 , 337 , -136 , 89 , -361 , -338 , -833 , 411
D , 114 , 374 , 41 , -58 , -339 , -321 , -589 , 411
D , 115 , 458 , 329 , -101 , -322 , -303 , -207 , 411
D , 116 , 578 , 662 , -77 , -315 , -291 , 231 , 411
D , 117 , 714 , 974 , -6 , -295 , -278 , 687 , 411
D , 118 , 886 , 1226 , 69 , -283 , -271 , 1000 , 411
D , 119 , 1011 , 1393 , 144 , -261 , -258 , 1000 , 411
D , 120 , 1103 , 1417 , 82 , -239 , -247 , 1000 , 411
D , 121 , 1149 , 1300 , 31 , -210 , -207 , 1000 , 411
D , 122 , 1157 , 1098 , -115 , -176 , -165 , 1000 , 411
D , 123 , 1130 , 827 , -179 , -138 , -122 , 1000 , 411
D , 124 , 1077 , 528 , -43 , -106 , -101 , 1000 , 411
D , 125 , 997 , 193 , 76 , -83 , -82 , 917 , 411
D , 126 , 896 , -148 , 47 , -69 , -69 , 570 , 411
D , 127 , 756 , -456 , -26 , -49 , -58 , 209 , 411
D , 128 , 646 , -707 , -105 , -33 , -29 , -52 , 411
D , 129 , 544 , -898 , -88 , -4 , -5 , -237 , 411
D , 130 , 452 , -1026 , -17 , 18 , 13 , -372 , 411
D , 131 , 373 , -1094 , 65 , 31 , 34 , -460 , 411
D , 132 , 313 , -1086 , 110 , 49 , 53 , -456 , 411
D , 133 , 282 , -983 , 112 , 63 , 67 , -354 , 411
D , 134 , 289 , -776 , 14 , 76 , 83 , -122 , 411
D , 135 , 335 , -494 , -60 , 94 , 102 , 226 , 411
D , 136 , 407 , -193 , -79 , 125 , 117 , 635 , 411
D , 137 , 510 , 72 , -58 , 142 , 135 , 1000 , 411
D , 138 , 589 , 289 , -6 , 158 , 150 , 1000 , 411
D , 139 , 658 , 427 , -7 , 173 , 173 , 1000 , 411
D , 140 , 698 , 438 , 10 , 190 , 194 , 1000 , 411
D , 141 , 691 , 295 , 51 , 206 , 207 , 1000 , 411
D , 142 , 633 , 31 , 70 , 221 , 218 , 1000 , 411
D , 143 , 539 , -274 , 61 , 223 , 228 , 1000 , 411
D , 144 , 429 , -560 , 62 , 239 , 243 , 719 , 411
D , 145 , 321 , -787 , 0 , 252 , 269 , 479 , 411
D , 146 , 218 , -964 , -133 , 266 , 281 , 267 , 411
D , 147 , 99 , -1093 , -181 , 283 , 285 , 74 , 411
D , 148 , 15 , -1172 , -55 , 294 , 289 , -46 , 411
D , 149 , -55 , -1200 , 93 , 286 , 289 , -146 , 411
D , 150 , -112 , -1179 , 166 , 283 , 295 , -176 , 411
D , 151 , -154 , -1112 , 67 , 280 , 292 , -162 , 411
D , 152 , -176 , -993 , -50 , 281 , 285 , -84 , 411
D , 153 , -174 , -822 , -117 , 279 , 288 , 74 , 411
D , 154 , -152 , -617 , -72 , 283 , 293 , 294 , 411
D , 155 , -112 , -397 , 41 , 291 , 296 , 547 , 411
D , 156 , -48 , -183 , 70 , 294 , 302 , 815 , 411
D , 157 , 5 , 0 , 19 , 294 , 310 , 1000 , 411
D , 158 , 54 , 128 , -36 , 307 , 319 , 1000 , 411
D , 159 , 86 , 174 , -111 , 324 , 329 , 1000 , 411
D , 160 , 83 , 93 , -84 , 343 , 340 , 1000 , 411
D , 161 , 38 , -91 , 1 , 354 , 354 , 1000 , 411
D , 162 , -39 , -337 , -15 , 359 , 359 , 901 , 411
D , 163 , -137 , -587 , -89 , 378 , 361 , 622 , 411
D , 164 , -234 , -746 , 192 , 379 , 364 , 398 , 411
D , 165 , -261 , -609 , 211 , 374 , 362 , 489 , 411
D , 166 , -214 , -348 , -430 , 364 , 352 , 746 , 411
D , 167 , -181 , -239 , -487 , 349 , 346 , 856 , 411
D , 168 , -166 , -161 , 402 , 346 , 335 , 929 , 411
D , 169 , -139 , -71 , 618 , 342 , 346 , 1000 , 411
D , 170 , -138 , -76 , 25 , 335 , 361 , 1000 , 411
D , 171 , -163 , -159 , -400 , 347 , 349 , 992 , 411
D , 172 , -215 , -338 , -454 , 362 , 361 , 835 , 411
D , 173 , -304 , -594 , -158 , 370 , 370 , 551 , 411
D , 174 , -435 , -927 , 415 , 391 , 396 , 206 , 411
D , 175 , -563 , -1078 , 17 , 410 , 435 , 41 , 411
D , 176 , -654 , -1095 , 72 , 431 , 461 , 8 , 411
D , 177 , -712 , -1113 , 222 , 445 , 486 , -1 , 411
D , 178 , -778 , -1150 , 359 , 467 , 508 , -28 , 411
D , 179 , -844 , -1172 , 72 , 499 , 552 , 15 , 411
D , 180 , -892 , -1135 , -187 , 499 , 563 , 16 , 411
D , 181 , -929 , -1062 , -368 , 486 , 546 , 0 , 411
D , 182 , -962 , -1023 , -102 , 463 , 527 , -64 , 411
D , 183 , -1011 , -1025 , 193 , 424 , 495 , -229 , 411
D , 184 , -1072 , -1080 , 379 , 386 , 469 , -438 , 411
D , 185 , -1170 , -1170 , 265 , 367 , 435 , -698 , 411
D , 186 , -1258 , -1263 , 70 , 353 , 417 , -922 , 411
D , 187 , -1346 , -1340 , -74 , 327 , 395 , -1000 , 411
D , 188 , -1432 , -1394 , -134 , 298 , 373 , -1000 , 411
D , 189 , -1508 , -1399 , -153 , 266 , 330 , -1000 , 411
D , 190 , -1559 , -1310 , -142 , 227 , 270 , -1000 , 411
D , 191 , -1573 , -1118 , -52 , 177 , 242 , -1000 , 411
D , 192 , -1548 , -844 , 61 , 118 , 191 , -1000 , 411
D , 193 , -1491 , -534 , 177 , 67 , 136 , -1000 , 411
D , 194 , -1421 , -249 , 182 , 10 , 74 , -1000 , 411
D , 195 , -1335 , -16 , 133 , -48 , -3 , -1000 , 411
D , 196 , -1269 , 177 , 68 , -104 , -66 , -1000 , 411
D , 197 , -1202 , 348 , 32 , -155 , -122 , -1000 , 411
D , 198 , -1134 , 500 , 75 , -219 , -178 , -1000 , 411
D , 199 , -1064 , 640 , 75 , -301 , -274 , -1000 , 411
D , 200 , -989 , 771 , -27 , -316 , -330 , -1000 , 411
D , 201 , -909 , 903 , -152 , -412 , -373 , -1000 , 411
D , 202 , -817 , 1064 , -117 , -412 , -420 , -1000 , 411
D , 203 , -706 , 1254 , 58 , -503 , -458 , -943 , 411
D , 204 , -584 , 1452 , 187 , -496 , -506 , -721 , 411
D , 205 , -421 , 1626 , 152 , -545 , -555 , -563 , 411
D , 206 , -290 , 1780 , 204 , -599 , -609 , -472 , 411
D , 207 , -160 , 1902 , 47 , -695 , -651 , -453 , 411
D , 208 , -32 , 2004 , -182 , -695 , -708 , -334 , 411
D , 209 , 92 , 2074 , -219 , -734 , -755 , -293 , 411
D , 210 , 207 , 2104 , -23 , -769 , -788 , -267 , 411
D , 211 , 310 , 2087 , 161 , -804 , -815 , -287 , 411
D , 212 , 393 , 2008 , 131 , -824 , -837 , -346 , 411
D , 213 , 454 , 1863 , 19 , -833 , -847 , -450 , 411
D , 214 , 503 , 1690 , -24 , -840 , -849 , -575 , 411
D , 215 , 531 , 1523 , -7 , -837 , -840 , -685 , 411
D , 216 , 555 , 1380 , 23 , -840 , -834 , -792 , 411
D , 217 , 584 , 1272 , 32 , -833 , -828 , -848 , 411
D , 218 , 620 , 1205 , -32 , -827 , -820 , -860 , 411
D , 219 , 667 , 1187 , -75 , -815 , -799 , -789 , 411
D , 220 , 730 , 1229 , -67 , -851 , -803 , -761 , 411
D , 221 , 818 , 1339 , -38 , -802 , -806 , -520 , 411
D , 222 , 930 , 1496 , -11 , -839 , -802 , -330 , 411
D , 223 , 1057 , 1676 , 43 , -782 , -806 , 22 , 411
D , 224 , 1227 , 1840 , -11 , -819 , -802 , 277 , 411
D , 225 , 1366 , 1981 , 10 , -821 , -792 , 544 , 411
D , 226 , 1496 , 2059 , 66 , -811 , -795 , 744 , 411
D , 227 , 1601 , 2034 , 19 , -753 , -779 , 934 , 411
D , 228 , 1666 , 1885 , -44 , -779 , -725 , 909 , 411
D , 229 , 1687 , 1634 , -25 , -739 , -698 , 811 , 411
D , 230 , 1670 , 1316 , 140 , -691 , -644 , 670 , 411
D , 231 , 1623 , 960 , 101 , -641 , -598 , 453 , 411
D , 232 , 1551 , 579 , 19 , -596 , -554 , 180 , 411
D , 233 , 1454 , 187 , -38 , -549 , -511 , -126 , 411
D , 234 , 1318 , -163 , 44 , -511 , -472 , -460 , 411
D , 235 , 1212 , -436 , 100 , -477 , -441 , -709 , 411
D , 236 , 1121 , -619 , 100 , -429 , -410 , -843 , 411
D , 237 , 1051 , -712 , -10 , -389 , -381 , -894 , 411
D , 238 , 1010 , -692 , -106 , -357 , -337 , -808 , 411
D , 239 , 1006 , -564 , -95 , -337 , -315 , -647 , 411
D , 240 , 1042 , -338 , 60 , -317 , -291 , -354 , 411
D , 241 , 1110 , -56 , 50 , -296 , -294 , -17 , 411
D , 242 , 1203 , 238 , 45 , -278 , -254 , 416 , 411
D , 243 , 1306 , 515 , -67 , -257 , -222 , 839 , 411
D , 244 , 1438 , 744 , -120 , -247 , -192 , 1000 , 411
D , 245 , 1536 , 910 , -122 , -222 , -174 , 1000 , 411
D , 246 , 1611 , 960 , -44 , -194 , -152 , 1000 , 411
D , 247 , 1648 , 890 , 78 , -156 , -131 , 1000 , 411
D , 248 , 1650 , 731 , 65 , -130 , -126 , 1000 , 411
D , 249 , 1620 , 506 , -18 , -108 , -94 , 1000 , 411
D , 250 , 1564 , 238 , -85 , -92 , -85 , 1000 , 411
D , 251 , 1478 , -74 , -48 , -72 , -71 , 1000 , 411
D , 252 , 1370 , -399 , 11 , -53 , -58 , 678 , 411
D , 253 , 1250 , -699 , 78 , -36 , -39 , 349 , 411
D , 254 , 1102 , -931 , 51 , -16 , -13 , 66 , 411
D , 255 , 996 , -1097 , 30 , 7 , 0 , -117 , 411
D , 256 , 902 , -1204 , -13 , 20 , 31 , -239 , 411
D , 257 , 819 , -1264 , 9 , 32 , 54 , -316 , 411
D , 258 , 750 , -1263 , 56 , 51 , 71 , -325 , 411
D , 259 , 704 , -1187 , -3 , 77 , 103 , -217 , 411
D , 260 , 690 , -1017 , -35 , 108 , 128 , 4 , 411
D , 261 , 714 , -761 , -48 , 130 , 171 , 350 , 411
D , 262 , 770 , -460 , -10 , 152 , 171 , 705 , 411
D , 263 , 864 , -167 , 20 , 172 , 190 , 1000 , 411
D , 264 , 942 , 83 , 54 , 196 , 196 , 1000 , 411
D , 265 , 1015 , 268 , 24 , 216 , 206 , 1000 , 411
D , 266 , 1063 , 335 , -55 , 231 , 233 , 1000 , 411
D , 267 , 1075 , 275 , -24 , 243 , 251 , 1000 , 411
D , 268 , 1047 , 114 , 9 , 261 , 262 , 1000 , 411
D , 269 , 987 , -104 , -25 , 273 , 277 , 1000 , 411
D , 270 , 908 , -332 , -69 , 289 , 290 , 1000 , 411
D , 271 , 820 , -553 , -6 , 302 , 304 , 1000 , 411
D , 272 , 727 , -747 , 39 , 311 , 315 , 924 , 411
D , 273 , 609 , -922 , 91 , 325 , 321 , 690 , 411
D , 274 , 510 , -1083 , 91 , 336 , 324 , 482 , 411
D , 275 , 408 , -1231 , 16 , 343 , 345 , 299 , 411
D , 276 , 309 , -1340 , -57 , 355 , 352 , 143 , 411
D , 277 , 217 , -1408 , -27 , 366 , 364 , 35 , 411
D , 278 , 133 , -1442 , 16 , 378 , 364 , -50 , 411
D , 279 , 59 , -1438 , 28 , 394 , 368 , -81 , 411
D , 280 , -2 , -1404 , 19 , 407 , 396 , -45 , 411
D , 281 , -51 , -1331 , 16 , 428 , 422 , 46 , 411
D , 282 , -83 , -1198 , -18 , 447 , 449 , 203 , 411
D , 283 , -93 , -1019 , -33 , 465 , 463 , 404 , 411
D , 284 , -76 , -797 , -69 , 481 , 485 , 677 , 411
D , 285 , -41 , -567 , -54 , 498 , 507 , 980 , 411
D , 286 , 4 , -345 , -11 , 508 , 519 , 1000 , 411
D , 287 , 53 , -155 , 6 , 505 , 513 , 1000 , 411
D , 288 , 91 , -48 , -27 , 501 , 508 , 1000 , 411
D , 289 , 96 , -71 , -71 , 495 , 498 , 1000 , 411
D , 290 , 58 , -217 , -98 , 499 , 495 , 1000 , 411
D , 291 , -16 , -438 , 3 , 499 , 497 , 1000 , 411
D , 292 , -138 , -681 , 76 , 503 , 511 , 853 , 411
D , 293 , -241 , -890 , 14 , 506 , 515 , 587 , 411
D , 294 , -343 , -1058 , -134 , 518 , 515 , 370 , 411
D , 295 , -441 , -1184 , -216 , 524 , 516 , 182 , 411
D , 296 , -535 , -1284 , -29 , 525 , 512 , 6 , 411
D , 297 , -623 , -1349 , 159 , 527 , 503 , -141 , 411
D , 298 , -702 , -1380 , 250 , 526 , 498 , -249 , 411
D , 299 , -769 , -1359 , 90 , 526 , 500 , -287 , 411
END

